代码,名称,行业,买入判定,诊断框架,最高分,触发类型,DCF有效,空头漏洞,type1总分,type1触发,type1否决,1a子分,1a依据,1b子分,1b依据,1c子分,1c依据,1d子分,1d依据,type1元信息JSON,type2总分,type2触发,type2否决,2a子分,2a依据,2b子分,2b依据,2c子分,2c依据,2d子分,2d依据,type2元信息JSON,type3总分,type3触发,type3否决,3a子分,3a依据,3b子分,3b依据,3c子分,3c依据,3d子分,3d依据,3e子分,3e依据,type3元信息JSON,type4总分,type4触发,type4否决,4a子分,4a依据,4b子分,4b依据,4c子分,4c依据,4d子分,4d依据,4e子分,4e依据,4f子分,4f依据,type4元信息JSON,type5总分,type5触发,type5否决,5a子分,5a依据,5b子分,5b依据,5c子分,5c依据,5d子分,5d依据,5e子分,5e依据,type5元信息JSON,type6总分,type6触发,type6否决,6a子分,6a依据,6b子分,6b依据,6c子分,6c依据,6d子分,6d依据,6e子分,6e依据,type6元信息JSON,type7总分,type7触发,type7否决,7a子分,7a依据,7b子分,7b依据,7c子分,7c依据,type7元信息JSON,DCF状态,DCF跳过分类,DCF跳过原因,DCF区域,DCF当前价,DCF买入区上界,DCF卖出区下界,DCF安全边际%,DCF基础WACC,DCF基础FCF,DCF参数JSON,DCF_pessimistic_lower,DCF_pessimistic_upper,DCF_neutral_lower,DCF_neutral_upper,DCF_optimistic_lower,DCF_optimistic_upper
000628,高新发展,CONSTRUCTION,无触发（不买）,2️⃣ 两热一冷,3.0,,False,_veto 1.0分:产业与公司热度平均须>4；_condition 1.0分:估值须合理或满足强周期修正；2d 1.0分:当前PB/行业3.7倍,0.0,False,False,0.0,当前经济条件不适用估值,0.0,当前经济条件不适用估值,0.0,当前经济条件不适用估值,0.0,当前经济条件不适用估值,"{""_applicable"":""no"",""_decision_missing_dimensions"":[],""_evidence"":""complete"",""_scope"":""当前经济条件不适用估值"",""_score_quality"":""模型不适用，0分不是结论"",""_status"":""not_applicable""}",3.0,False,True,1.37,产业聚合增速-5.0%,2.0,最新同口径现金恶化,7.6,量价冷度;60日-42.9%…,1.0,当前PB/行业3.7倍,"{""_applicable"":""yes"",""_condition"":""估值须合理或满足强周期修正"",""_coverage"":""公司3年连续财务数据;同行市净率"",""_decision_missing_dimensions"":[],""_evidence"":""complete"",""_score_quality"":""完整证据评分"",""_status"":""vetoed"",""_veto"":""产业与公司热度平均须>4""}",0.0,False,False,0.0,趋势增速不足10%,0.0,趋势增速不足10%,0.0,趋势增速不足10%,0.0,趋势增速不足10%,0.0,趋势增速不足10%,"{""_applicable"":""no"",""_decision_missing_dimensions"":[],""_evidence"":""complete"",""_scope"":""趋势增速不足10%"",""_score_quality"":""模型不适用，0分不是结论"",""_status"":""not_applicable""}",0.0,False,False,0.0,当前经济条件不适用估值,0.0,当前经济条件不适用估值,0.0,当前经济条件不适用估值,0.0,当前经济条件不适用估值,0.0,当前经济条件不适用估值,0.0,当前经济条件不适用估值,"{""_applicable"":""no"",""_decision_missing_dimensions"":[],""_evidence"":""complete"",""_scope"":""当前经济条件不适用估值"",""_score_quality"":""模型不适用，0分不是结论"",""_status"":""not_applicable""}",0.0,False,False,0.0,非强周期标的，适用其他框架,0.0,非强周期标的，适用其他框架,0.0,非强周期标的，适用其他框架,0.0,非强周期标的，适用其他框架,0.0,非强周期标的，适用其他框架,"{""_applicable"":""no"",""_decision_missing_dimensions"":[],""_evidence"":""complete"",""_scope"":""非强周期标的，适用其他框架"",""_score_quality"":""模型不适用，0分不是结论"",""_status"":""not_applicable""}",0.0,False,False,0.0,平稳产业反转型市值超过100亿元,0.0,平稳产业反转型市值超过100亿元,0.0,平稳产业反转型市值超过100亿元,0.0,平稳产业反转型市值超过100亿元,0.0,平稳产业反转型市值超过100亿元,"{""_applicable"":""no"",""_decision_missing_dimensions"":[],""_evidence"":""complete"",""_scope"":""平稳产业反转型市值超过100亿元"",""_score_quality"":""模型不适用，0分不是结论"",""_status"":""not_applicable""}",2.6,False,False,2.645,长期质量回报26.45,2.229,产业质量估值22.29,2.953,商业安全29.53；边际6.2,"{""_applicable"":""yes"",""_condition"":""补全全部缺失证据后仍至少一套不超过70"",""_decision_missing_dimensions"":[""7a"",""7b"",""7c""],""_evidence"":""incomplete"",""_missing"":""核心必需子项不完整或覆盖不足80%"",""_status"":""not_triggered""}",跳过,economic_not_applicable,ttm_fcff_nonpositive,,,,,,,,{},,,,,,
000717,中南股份,STEEL,无触发（不买）,5️⃣ 强周期底部,6.2,,False,5c 4.0分:资产负债表稳健1项；5b 6.0分:PB45%/0.78;冷7;利10；5d 6.0分:历史利润振幅67.4倍,0.0,False,False,0.0,当前经济条件不适用估值,0.0,当前经济条件不适用估值,0.0,当前经济条件不适用估值,0.0,当前经济条件不适用估值,"{""_applicable"":""no"",""_decision_missing_dimensions"":[],""_evidence"":""complete"",""_scope"":""当前经济条件不适用估值"",""_score_quality"":""模型不适用，0分不是结论"",""_status"":""not_applicable""}",3.9,False,True,1.0,产业聚合增速-8.0%,1.0,拐点1项:最新同口径利润增,7.0,量价冷度;60日-12.3%…,7.87,当前PB/行业0.7倍,"{""_applicable"":""yes"",""_coverage"":""公司3年连续财务数据;同行市净率"",""_decision_missing_dimensions"":[],""_evidence"":""complete"",""_score_quality"":""完整证据评分"",""_status"":""vetoed"",""_veto"":""产业与公司热度平均须>4""}",0.0,False,False,0.0,趋势增速不足10%,0.0,趋势增速不足10%,0.0,趋势增速不足10%,0.0,趋势增速不足10%,0.0,趋势增速不足10%,"{""_applicable"":""no"",""_decision_missing_dimensions"":[],""_evidence"":""complete"",""_scope"":""趋势增速不足10%"",""_score_quality"":""模型不适用，0分不是结论"",""_status"":""not_applicable""}",0.0,False,False,0.0,当前经济条件不适用估值,0.0,当前经济条件不适用估值,0.0,当前经济条件不适用估值,0.0,当前经济条件不适用估值,0.0,当前经济条件不适用估值,0.0,当前经济条件不适用估值,"{""_applicable"":""no"",""_decision_missing_dimensions"":[],""_evidence"":""complete"",""_scope"":""当前经济条件不适用估值"",""_score_quality"":""模型不适用，0分不是结论"",""_status"":""not_applicable""}",6.2,False,False,7.0,大宗行业/毛利/利润周期,6.0,PB45%/0.78;冷7;利10,4.0,资产负债表稳健1项,6.0,历史利润振幅67.4倍,9.0,10年均利PE6.5倍,"{""_applicable"":""yes"",""_decision_missing_dimensions"":[],""_evidence"":""complete"",""_score_quality"":""完整证据评分"",""_status"":""observe""}",3.3,False,True,1.0,产业增速-8.0%,3.0,研发与经营数据,3.8,经营效率与现金流数据,2.0,最新同口径经营现金流降幅≥50%,9.0,"建议单票≤3%,组合≤15%","{""_applicable"":""yes"",""_condition"":""须确认实际仓位符合建议上限"",""_decision_missing_dimensions"":[],""_evidence"":""complete"",""_profile"":""平稳产业反转型"",""_risk"":""最坏归零时组合最大损失≤3%"",""_score_quality"":""完整证据评分"",""_status"":""vetoed"",""_veto"":""仅0项核心证据≥5""}",3.1,False,False,2.719,长期质量回报27.19,2.954,产业质量估值29.54,3.516,商业安全35.16；边际9.1,"{""_applicable"":""yes"",""_condition"":""补全全部缺失证据后仍至少一套不超过70"",""_decision_missing_dimensions"":[""7a"",""7b"",""7c""],""_evidence"":""incomplete"",""_missing"":""核心必需子项不完整或覆盖不足80%"",""_status"":""not_triggered""}",跳过,economic_not_applicable,nonpositive_pessimistic_equity_value,,,,,,,,{},,,,,,
000719,中原传媒,MEDIA,无触发（不买）,1️⃣ 估值买入区,5.3,,True,_veto 1.0分:买入区深度不足；_condition 1.0分:须进入模型买入区；1d 1.0分:最新报告期经营现金流为负,5.3,False,True,1.5,远离买入区18%,9.0,五项满分4项,7.8,FCF11.1%;末17.62亿,1.0,最新报告期经营现金流为负,"{""_applicable"":""yes"",""_condition"":""须进入模型买入区"",""_decision_missing_dimensions"":[],""_evidence"":""complete"",""_score_quality"":""完整证据评分"",""_status"":""vetoed"",""_veto"":""买入区深度不足""}",5.3,False,True,3.47,产业聚合增速2.5%,4.0,拐点1项:现金流支撑,5.8,量价冷度;60日-5.6%…,9.0,当前PB/行业0.4倍,"{""_applicable"":""yes"",""_coverage"":""公司3年连续财务数据;同行市净率"",""_decision_missing_dimensions"":[],""_evidence"":""complete"",""_score_quality"":""完整证据评分"",""_status"":""vetoed"",""_veto"":""产业与公司热度平均须>4""}",0.0,False,False,0.0,趋势增速不足10%,0.0,趋势增速不足10%,0.0,趋势增速不足10%,0.0,趋势增速不足10%,0.0,趋势增速不足10%,"{""_applicable"":""no"",""_decision_missing_dimensions"":[],""_evidence"":""complete"",""_scope"":""趋势增速不足10%"",""_score_quality"":""模型不适用，0分不是结论"",""_status"":""not_applicable""}",4.5,False,False,1.5,增长趋势与同行数据,2.0,最新报告期经营现金流为负,6.6,多年盈利稳定性数据,6.1,价格/10年中性终局1.0倍,8.5,行业营收与利润数据,10.0,乐观上沿透支0年,"{""_4f_formula"":""opt_upper_v1"",""_applicable"":""yes"",""_decision_missing_dimensions"":[],""_evidence"":""complete"",""_score_quality"":""完整证据评分"",""_status"":""not_triggered""}",0.0,False,False,0.0,非强周期标的，适用其他框架,0.0,非强周期标的，适用其他框架,0.0,非强周期标的，适用其他框架,0.0,非强周期标的，适用其他框架,0.0,非强周期标的，适用其他框架,"{""_applicable"":""no"",""_decision_missing_dimensions"":[],""_evidence"":""complete"",""_scope"":""非强周期标的，适用其他框架"",""_score_quality"":""模型不适用，0分不是结论"",""_status"":""not_applicable""}",0.0,False,False,0.0,平稳产业反转型市值超过100亿元,0.0,平稳产业反转型市值超过100亿元,0.0,平稳产业反转型市值超过100亿元,0.0,平稳产业反转型市值超过100亿元,0.0,平稳产业反转型市值超过100亿元,"{""_applicable"":""no"",""_decision_missing_dimensions"":[],""_evidence"":""complete"",""_scope"":""平稳产业反转型市值超过100亿元"",""_score_quality"":""模型不适用，0分不是结论"",""_status"":""not_applicable""}",4.6,False,False,4.833,长期质量回报48.33,3.996,产业质量估值39.96,5.036,商业安全50.36；边际9.2,"{""_applicable"":""yes"",""_condition"":""补全全部缺失证据后仍至少一套不超过70"",""_decision_missing_dimensions"":[""7a"",""7b"",""7c""],""_evidence"":""incomplete"",""_missing"":""核心必需子项不完整或覆盖不足80%"",""_status"":""not_triggered""}",有效,,,观察区,12.27,10.397228017073637,14.510313930453467,-33.05,0.1252,1396780339.6230004,"{""neutral"":{""current_period_growth_cap_basis"":""missing_current_period_conservative_cap"",""forecast_years"":5,""growth"":-0.1,""growth_evidence"":""historical_cagr_and_trend"",""margin_retention"":0.6,""structural_decline_evidence"":null,""terminal_g"":0.01,""wacc_base"":0.12524744363279533},""optimistic"":{""current_period_growth_cap_basis"":""missing_current_period_conservative_cap"",""forecast_years"":5,""growth"":0.0,""growth_evidence"":""historical_cagr_and_trend"",""margin_retention"":0.85,""structural_decline_evidence"":null,""terminal_g"":0.02,""wacc_base"":0.12024744363279533},""pessimistic"":{""current_period_growth_cap_basis"":""missing_current_period_conservative_cap"",""forecast_years"":5,""growth"":-0.2,""growth_evidence"":""historical_cagr_and_trend"",""margin_retention"":0.4,""structural_decline_evidence"":null,""terminal_g"":0.0,""wacc_base"":0.13524744363279534}}",9.101343046181611,9.222419757371124,11.57203627677615,11.945349325855057,17.07527853505188,18.1545854039835
000830,鲁西化工,CHEMICAL,无触发（不买）,5️⃣ 强周期底部,6.7,,False,5e 5.0分:10年均利PE12.2倍；5c 6.0分:资产负债表稳健2项；5d 6.0分:历史利润振幅18.3倍,0.0,False,False,0.0,当前经济条件不适用估值,0.0,当前经济条件不适用估值,0.0,当前经济条件不适用估值,0.0,当前经济条件不适用估值,"{""_applicable"":""no"",""_decision_missing_dimensions"":[],""_evidence"":""complete"",""_scope"":""当前经济条件不适用估值"",""_score_quality"":""模型不适用，0分不是结论"",""_status"":""not_applicable""}",4.9,False,True,2.78,产业聚合增速1.3%,2.0,拐点1项:现金流支撑,7.6,量价冷度;60日-24.8%…,8.4,当前PB/行业0.6倍,"{""_applicable"":""yes"",""_coverage"":""公司3年连续财务数据;同行市净率"",""_decision_missing_dimensions"":[],""_evidence"":""complete"",""_score_quality"":""完整证据评分"",""_status"":""vetoed"",""_veto"":""产业与公司热度平均须>4""}",0.0,False,False,0.0,趋势增速不足10%,0.0,趋势增速不足10%,0.0,趋势增速不足10%,0.0,趋势增速不足10%,0.0,趋势增速不足10%,"{""_applicable"":""no"",""_decision_missing_dimensions"":[],""_evidence"":""complete"",""_scope"":""趋势增速不足10%"",""_score_quality"":""模型不适用，0分不是结论"",""_status"":""not_applicable""}",0.0,False,False,0.0,当前经济条件不适用估值,0.0,当前经济条件不适用估值,0.0,当前经济条件不适用估值,0.0,当前经济条件不适用估值,0.0,当前经济条件不适用估值,0.0,当前经济条件不适用估值,"{""_applicable"":""no"",""_decision_missing_dimensions"":[],""_evidence"":""complete"",""_scope"":""当前经济条件不适用估值"",""_score_quality"":""模型不适用，0分不是结论"",""_status"":""not_applicable""}",6.7,False,False,7.0,大宗行业/毛利/利润周期,7.7,PB30%/1.22;冷8;毛10,6.0,资产负债表稳健2项,6.0,历史利润振幅18.3倍,5.0,10年均利PE12.2倍,"{""_applicable"":""yes"",""_decision_missing_dimensions"":[],""_evidence"":""complete"",""_score_quality"":""完整证据评分"",""_status"":""observe""}",0.0,False,False,0.0,平稳产业反转型市值超过100亿元,0.0,平稳产业反转型市值超过100亿元,0.0,平稳产业反转型市值超过100亿元,0.0,平稳产业反转型市值超过100亿元,0.0,平稳产业反转型市值超过100亿元,"{""_applicable"":""no"",""_decision_missing_dimensions"":[],""_evidence"":""complete"",""_scope"":""平稳产业反转型市值超过100亿元"",""_score_quality"":""模型不适用，0分不是结论"",""_status"":""not_applicable""}",4.2,False,False,4.07,长期质量回报40.70,4.097,产业质量估值40.97,4.374,商业安全43.74；边际9.1,"{""_applicable"":""yes"",""_condition"":""补全全部缺失证据后仍至少一套不超过70"",""_decision_missing_dimensions"":[""7a"",""7b"",""7c""],""_evidence"":""incomplete"",""_missing"":""核心必需子项不完整或覆盖不足80%"",""_status"":""not_triggered""}",跳过,economic_not_applicable,nonpositive_pessimistic_equity_value,,,,,,,,{},,,,,,
001260,坤泰股份,AUTO_PARTS,无触发（不买）,2️⃣ 两热一冷,5.3,,True,_veto 2.0分:产业与公司热度平均须>4；2b 2.0分:最新同口径利润恶化；2a 5.3分:产业聚合增速6.1%,3.0,False,True,1.5,远离买入区671%,6.0,五项满分2项,1.6,FCF2.4%;末4304.49万,1.0,最新同口径利润降幅≥50%,"{""_applicable"":""yes"",""_condition"":""须进入模型买入区"",""_decision_missing_dimensions"":[""1b""],""_evidence"":""incomplete"",""_missing"":""缺价值陷阱证据"",""_score_quality"":""证据不足，分数仅供诊断"",""_status"":""vetoed"",""_veto"":""买入区深度不足""}",5.3,False,True,5.3,产业聚合增速6.1%,2.0,最新同口径利润恶化,8.0,量价冷度;60日-33.3%…,6.71,当前PB/行业0.9倍,"{""_applicable"":""yes"",""_coverage"":""公司3年连续财务数据;同行市净率"",""_decision_missing_dimensions"":[],""_evidence"":""complete"",""_score_quality"":""完整证据评分"",""_status"":""vetoed"",""_veto"":""产业与公司热度平均须>4""}",0.0,False,False,0.0,趋势增速不足10%,0.0,趋势增速不足10%,0.0,趋势增速不足10%,0.0,趋势增速不足10%,0.0,趋势增速不足10%,"{""_applicable"":""no"",""_decision_missing_dimensions"":[],""_evidence"":""complete"",""_scope"":""趋势增速不足10%"",""_score_quality"":""模型不适用，0分不是结论"",""_status"":""not_applicable""}",3.1,False,False,3.5,增长趋势与同行数据,2.0,最新同口径利润降幅≥50%,5.4,多年盈利稳定性数据,0.0,价格/10年中性终局6.3倍,8.2,行业营收与利润数据,0.0,乐观上沿透支30年+,"{""_4f_formula"":""opt_upper_v1"",""_applicable"":""yes"",""_decision_missing_dimensions"":[],""_evidence"":""complete"",""_score_quality"":""完整证据评分"",""_status"":""not_triggered""}",0.0,False,False,0.0,非强周期标的，适用其他框架,0.0,非强周期标的，适用其他框架,0.0,非强周期标的，适用其他框架,0.0,非强周期标的，适用其他框架,0.0,非强周期标的，适用其他框架,"{""_applicable"":""no"",""_decision_missing_dimensions"":[],""_evidence"":""complete"",""_scope"":""非强周期标的，适用其他框架"",""_score_quality"":""模型不适用，0分不是结论"",""_status"":""not_applicable""}",0.0,False,False,0.0,公司并非亏损或净利率≤5%的微利标的,0.0,公司并非亏损或净利率≤5%的微利标的,0.0,公司并非亏损或净利率≤5%的微利标的,0.0,公司并非亏损或净利率≤5%的微利标的,0.0,公司并非亏损或净利率≤5%的微利标的,"{""_applicable"":""no"",""_decision_missing_dimensions"":[],""_evidence"":""complete"",""_scope"":""公司并非亏损或净利率≤5%的微利标的"",""_score_quality"":""模型不适用，0分不是结论"",""_status"":""not_applicable""}",4.6,False,False,4.969,长期质量回报49.69,4.106,产业质量估值41.06,4.598,商业安全45.98；边际8.2,"{""_applicable"":""yes"",""_condition"":""补全全部缺失证据后仍至少一套不超过70"",""_decision_missing_dimensions"":[""7a"",""7b"",""7c""],""_evidence"":""incomplete"",""_missing"":""核心必需子项不完整或覆盖不足80%"",""_status"":""not_triggered""}",有效,,,卖出区,14.56,1.8890122010621608,2.7341338652647567,-769.38,0.143,40963445.54,"{""neutral"":{""current_period_growth_cap_basis"":""missing_current_period_conservative_cap"",""forecast_years"":5,""growth"":-0.1,""growth_evidence"":""historical_cagr_and_trend"",""margin_retention"":0.6,""structural_decline_evidence"":null,""terminal_g"":0.01,""wacc_base"":0.143029335653021},""optimistic"":{""current_period_growth_cap_basis"":""missing_current_period_conservative_cap"",""forecast_years"":5,""growth"":0.0,""growth_evidence"":""historical_cagr_and_trend"",""margin_retention"":0.85,""structural_decline_evidence"":null,""terminal_g"":0.02,""wacc_base"":0.138029335653021},""pessimistic"":{""current_period_growth_cap_basis"":""missing_current_period_conservative_cap"",""forecast_years"":5,""growth"":-0.2,""growth_evidence"":""historical_cagr_and_trend"",""margin_retention"":0.4,""structural_decline_evidence"":null,""terminal_g"":0.0,""wacc_base"":0.15302933565302101}}",1.6415159212267105,1.6747638813395047,2.103260520784817,2.177519559883027,3.290748170646487,3.494360664727729
001285,瑞立科密,AUTO_PARTS,无触发（不买）,2️⃣ 两热一冷,5.6,,True,_veto 2.0分:产业与公司热度平均须>4；2b 2.0分:最新同口径现金恶化；2a 5.3分:产业聚合增速6.0%,3.9,False,True,1.5,远离买入区764%,9.0,五项满分4项,0.6,FCF0.9%;末6558.94万,1.0,最新同口径经营现金流转负,"{""_applicable"":""yes"",""_condition"":""须进入模型买入区"",""_decision_missing_dimensions"":[],""_evidence"":""complete"",""_score_quality"":""完整证据评分"",""_status"":""vetoed"",""_veto"":""买入区深度不足""}",5.6,False,True,5.3,产业聚合增速6.0%,2.0,最新同口径现金恶化,8.0,量价冷度;60日-24.9%…,8.2,归母利润趋势PEG1.0,"{""_applicable"":""yes"",""_coverage"":""公司3年连续财务数据;盈利趋势PEG"",""_decision_missing_dimensions"":[],""_evidence"":""complete"",""_score_quality"":""完整证据评分"",""_status"":""vetoed"",""_veto"":""产业与公司热度平均须>4""}",4.2,False,False,5.7,盈利能力与同行数据,2.0,最新同口径经营现金流转负,1.5,投入回报率减资金成本=-2.8%,5.0,弱代理2.0分:最新同口径经营现金流转负,8.0,行业与估值数据,"{""_applicable"":""yes"",""_decision_missing_dimensions"":[""3b"",""3d""],""_evidence"":""incomplete"",""_missing"":""缺增长质量/增长持续性证据"",""_score_quality"":""证据不足，分数仅供诊断"",""_status"":""insufficient_evidence""}",2.7,False,False,1.5,增长趋势与同行数据,2.0,最新同口径经营现金流转负,6.0,多年盈利稳定性数据,0.0,价格/10年中性终局7.9倍,8.3,行业营收与利润数据,0.0,乐观上沿透支30年+,"{""_4f_formula"":""opt_upper_v1"",""_applicable"":""yes"",""_decision_missing_dimensions"":[],""_evidence"":""complete"",""_score_quality"":""完整证据评分"",""_status"":""not_triggered""}",0.0,False,False,0.0,非强周期标的，适用其他框架,0.0,非强周期标的，适用其他框架,0.0,非强周期标的，适用其他框架,0.0,非强周期标的，适用其他框架,0.0,非强周期标的，适用其他框架,"{""_applicable"":""no"",""_decision_missing_dimensions"":[],""_evidence"":""complete"",""_scope"":""非强周期标的，适用其他框架"",""_score_quality"":""模型不适用，0分不是结论"",""_status"":""not_applicable""}",0.0,False,False,0.0,公司并非亏损或净利率≤5%的微利标的,0.0,公司并非亏损或净利率≤5%的微利标的,0.0,公司并非亏损或净利率≤5%的微利标的,0.0,公司并非亏损或净利率≤5%的微利标的,0.0,公司并非亏损或净利率≤5%的微利标的,"{""_applicable"":""no"",""_decision_missing_dimensions"":[],""_evidence"":""complete"",""_scope"":""公司并非亏损或净利率≤5%的微利标的"",""_score_quality"":""模型不适用，0分不是结论"",""_status"":""not_applicable""}",4.8,False,False,5.288,长期质量回报52.88,4.302,产业质量估值43.02,4.753,商业安全47.53；边际9.1,"{""_applicable"":""yes"",""_condition"":""补全全部缺失证据后仍至少一套不超过70"",""_decision_missing_dimensions"":[""7a"",""7b"",""7c""],""_evidence"":""incomplete"",""_missing"":""核心必需子项不完整或覆盖不足80%"",""_status"":""not_triggered""}",有效,,,卖出区,39.33,4.553776974438945,5.46163973037825,-826.59,0.1424,65589383.23000002,"{""neutral"":{""current_period_growth_cap_basis"":""current_period_severe_deterioration"",""forecast_years"":5,""growth"":-0.1,""growth_evidence"":""historical_cagr_and_trend"",""margin_retention"":0.6,""structural_decline_evidence"":null,""terminal_g"":0.01,""wacc_base"":0.14242064887625944},""optimistic"":{""current_period_growth_cap_basis"":""current_period_severe_deterioration"",""forecast_years"":5,""growth"":0.0,""growth_evidence"":""historical_cagr_and_trend"",""margin_retention"":0.85,""structural_decline_evidence"":null,""terminal_g"":0.02,""wacc_base"":0.13742064887625943},""pessimistic"":{""current_period_growth_cap_basis"":""current_period_severe_deterioration"",""forecast_years"":5,""growth"":-0.2,""growth_evidence"":""historical_cagr_and_trend"",""margin_retention"":0.4,""structural_decline_evidence"":null,""terminal_g"":0.0,""wacc_base"":0.15242064887625945}}",4.188673302391833,4.244581707864515,4.862972241013374,4.984522586527587,5.938756874228915,6.1840197830672565
001301,尚太科技,CHEMICAL,无触发（不买）,2️⃣ 两热一冷,4.8,,False,_veto 2.78分:产业与公司热度平均须>4；2a 2.78分:产业聚合增速1.3%；2b 4.0分:最新同口径利润明显下滑,0.0,False,False,0.0,当前经济条件不适用估值,0.0,当前经济条件不适用估值,0.0,当前经济条件不适用估值,0.0,当前经济条件不适用估值,"{""_applicable"":""no"",""_decision_missing_dimensions"":[],""_evidence"":""complete"",""_scope"":""当前经济条件不适用估值"",""_score_quality"":""模型不适用，0分不是结论"",""_status"":""not_applicable""}",4.8,False,True,2.78,产业聚合增速1.3%,4.0,最新同口径利润明显下滑,5.2,量价冷度;60日0.4%…,8.0,归母利润趋势PEG1.1,"{""_applicable"":""yes"",""_coverage"":""公司3年连续财务数据;盈利趋势PEG"",""_decision_missing_dimensions"":[],""_evidence"":""complete"",""_score_quality"":""完整证据评分"",""_status"":""vetoed"",""_veto"":""产业与公司热度平均须>4""}",3.5,False,False,4.3,盈利能力与同行数据,2.0,最新报告期经营现金流为负,1.5,投入回报率减资金成本=-0.2%,5.0,弱代理2.0分:最新报告期经营现金流为负,5.2,行业与估值数据,"{""_applicable"":""yes"",""_decision_missing_dimensions"":[""3b"",""3d""],""_evidence"":""incomplete"",""_missing"":""缺增长质量/增长持续性证据"",""_score_quality"":""证据不足，分数仅供诊断"",""_status"":""insufficient_evidence""}",0.0,False,False,0.0,当前经济条件不适用估值,0.0,当前经济条件不适用估值,0.0,当前经济条件不适用估值,0.0,当前经济条件不适用估值,0.0,当前经济条件不适用估值,0.0,当前经济条件不适用估值,"{""_applicable"":""no"",""_decision_missing_dimensions"":[],""_evidence"":""complete"",""_scope"":""当前经济条件不适用估值"",""_score_quality"":""模型不适用，0分不是结论"",""_status"":""not_applicable""}",5.2,False,False,7.0,大宗行业/毛利/利润周期,5.0,缺PB历史证据,4.0,资产负债表稳健1项,6.0,历史利润振幅14.6倍,1.0,8年均利PE34.6倍,"{""_applicable"":""yes"",""_decision_missing_dimensions"":[""5b""],""_evidence"":""incomplete"",""_missing"":""缺底部证据"",""_score_quality"":""证据不足，分数仅供诊断"",""_status"":""insufficient_evidence""}",0.0,False,False,0.0,平稳产业反转型市值超过100亿元,0.0,平稳产业反转型市值超过100亿元,0.0,平稳产业反转型市值超过100亿元,0.0,平稳产业反转型市值超过100亿元,0.0,平稳产业反转型市值超过100亿元,"{""_applicable"":""no"",""_decision_missing_dimensions"":[],""_evidence"":""complete"",""_scope"":""平稳产业反转型市值超过100亿元"",""_score_quality"":""模型不适用，0分不是结论"",""_status"":""not_applicable""}",4.4,False,False,4.82,长期质量回报48.20,3.936,产业质量估值39.36,4.338,商业安全43.38；边际6.9,"{""_applicable"":""yes"",""_condition"":""补全全部缺失证据后仍至少一套不超过70"",""_decision_missing_dimensions"":[""7a"",""7b"",""7c""],""_evidence"":""incomplete"",""_missing"":""核心必需子项不完整或覆盖不足80%"",""_status"":""not_triggered""}",跳过,economic_not_applicable,ttm_fcff_nonpositive,,,,,,,,{},,,,,,
001311,多利科技,AUTO_PARTS,无触发（不买）,2️⃣ 两热一冷,6.3,,False,2b 4.0分:年度利润明显下滑；2a 5.31分:产业聚合增速6.1%；2c 8.0分:量价冷度;60日-38.1%…,0.0,False,False,0.0,当前经济条件不适用估值,0.0,当前经济条件不适用估值,0.0,当前经济条件不适用估值,0.0,当前经济条件不适用估值,"{""_applicable"":""no"",""_decision_missing_dimensions"":[],""_evidence"":""complete"",""_scope"":""当前经济条件不适用估值"",""_score_quality"":""模型不适用，0分不是结论"",""_status"":""not_applicable""}",6.3,False,False,5.31,产业聚合增速6.1%,4.0,年度利润明显下滑,8.0,量价冷度;60日-38.1%…,8.77,当前PB/行业0.5倍,"{""_applicable"":""yes"",""_coverage"":""公司3年连续财务数据;同行市净率"",""_decision_missing_dimensions"":[],""_evidence"":""complete"",""_score_quality"":""完整证据评分"",""_status"":""observe""}",0.0,False,False,0.0,趋势增速不足10%,0.0,趋势增速不足10%,0.0,趋势增速不足10%,0.0,趋势增速不足10%,0.0,趋势增速不足10%,"{""_applicable"":""no"",""_decision_missing_dimensions"":[],""_evidence"":""complete"",""_scope"":""趋势增速不足10%"",""_score_quality"":""模型不适用，0分不是结论"",""_status"":""not_applicable""}",0.0,False,False,0.0,当前经济条件不适用估值,0.0,当前经济条件不适用估值,0.0,当前经济条件不适用估值,0.0,当前经济条件不适用估值,0.0,当前经济条件不适用估值,0.0,当前经济条件不适用估值,"{""_applicable"":""no"",""_decision_missing_dimensions"":[],""_evidence"":""complete"",""_scope"":""当前经济条件不适用估值"",""_score_quality"":""模型不适用，0分不是结论"",""_status"":""not_applicable""}",0.0,False,False,0.0,非强周期标的，适用其他框架,0.0,非强周期标的，适用其他框架,0.0,非强周期标的，适用其他框架,0.0,非强周期标的，适用其他框架,0.0,非强周期标的，适用其他框架,"{""_applicable"":""no"",""_decision_missing_dimensions"":[],""_evidence"":""complete"",""_scope"":""非强周期标的，适用其他框架"",""_score_quality"":""模型不适用，0分不是结论"",""_status"":""not_applicable""}",0.0,False,False,0.0,公司并非亏损或净利率≤5%的微利标的,0.0,公司并非亏损或净利率≤5%的微利标的,0.0,公司并非亏损或净利率≤5%的微利标的,0.0,公司并非亏损或净利率≤5%的微利标的,0.0,公司并非亏损或净利率≤5%的微利标的,"{""_applicable"":""no"",""_decision_missing_dimensions"":[],""_evidence"":""complete"",""_scope"":""公司并非亏损或净利率≤5%的微利标的"",""_score_quality"":""模型不适用，0分不是结论"",""_status"":""not_applicable""}",3.7,False,False,3.941,长期质量回报39.41,3.205,产业质量估值32.05,3.872,商业安全38.72；边际7.2,"{""_applicable"":""yes"",""_condition"":""补全全部缺失证据后仍至少一套不超过70"",""_decision_missing_dimensions"":[""7a"",""7b"",""7c""],""_evidence"":""incomplete"",""_missing"":""核心必需子项不完整或覆盖不足80%"",""_status"":""not_triggered""}",跳过,economic_not_applicable,ttm_fcff_nonpositive,,,,,,,,{},,,,,,
001360,南矿集团,INDUST_MACHINERY,无触发（不买）,2️⃣ 两热一冷,6.3,,False,2b 4.0分:最新同口径利润明显下滑；2a 6.01分:产业聚合增速8.5%；2d 7.82分:当前PB/行业0.7倍,0.0,False,False,0.0,当前经济条件不适用估值,0.0,当前经济条件不适用估值,0.0,当前经济条件不适用估值,0.0,当前经济条件不适用估值,"{""_applicable"":""no"",""_decision_missing_dimensions"":[],""_evidence"":""complete"",""_scope"":""当前经济条件不适用估值"",""_score_quality"":""模型不适用，0分不是结论"",""_status"":""not_applicable""}",6.3,False,False,6.01,产业聚合增速8.5%,4.0,最新同口径利润明显下滑,8.0,量价冷度;60日-34.2%…,7.82,当前PB/行业0.7倍,"{""_applicable"":""yes"",""_coverage"":""公司3年连续财务数据;同行市净率"",""_decision_missing_dimensions"":[],""_evidence"":""complete"",""_score_quality"":""完整证据评分"",""_status"":""observe""}",0.0,False,False,0.0,趋势增速不足10%,0.0,趋势增速不足10%,0.0,趋势增速不足10%,0.0,趋势增速不足10%,0.0,趋势增速不足10%,"{""_applicable"":""no"",""_decision_missing_dimensions"":[],""_evidence"":""complete"",""_scope"":""趋势增速不足10%"",""_score_quality"":""模型不适用，0分不是结论"",""_status"":""not_applicable""}",0.0,False,False,0.0,当前经济条件不适用估值,0.0,当前经济条件不适用估值,0.0,当前经济条件不适用估值,0.0,当前经济条件不适用估值,0.0,当前经济条件不适用估值,0.0,当前经济条件不适用估值,"{""_applicable"":""no"",""_decision_missing_dimensions"":[],""_evidence"":""complete"",""_scope"":""当前经济条件不适用估值"",""_score_quality"":""模型不适用，0分不是结论"",""_status"":""not_applicable""}",0.0,False,False,0.0,非强周期标的，适用其他框架,0.0,非强周期标的，适用其他框架,0.0,非强周期标的，适用其他框架,0.0,非强周期标的，适用其他框架,0.0,非强周期标的，适用其他框架,"{""_applicable"":""no"",""_decision_missing_dimensions"":[],""_evidence"":""complete"",""_scope"":""非强周期标的，适用其他框架"",""_score_quality"":""模型不适用，0分不是结论"",""_status"":""not_applicable""}",0.0,False,False,0.0,公司并非亏损或净利率≤5%的微利标的,0.0,公司并非亏损或净利率≤5%的微利标的,0.0,公司并非亏损或净利率≤5%的微利标的,0.0,公司并非亏损或净利率≤5%的微利标的,0.0,公司并非亏损或净利率≤5%的微利标的,"{""_applicable"":""no"",""_decision_missing_dimensions"":[],""_evidence"":""complete"",""_scope"":""公司并非亏损或净利率≤5%的微利标的"",""_score_quality"":""模型不适用，0分不是结论"",""_status"":""not_applicable""}",3.3,False,False,3.469,长期质量回报34.69,2.83,产业质量估值28.30,3.506,商业安全35.06；边际5.7,"{""_applicable"":""yes"",""_condition"":""补全全部缺失证据后仍至少一套不超过70"",""_decision_missing_dimensions"":[""7a"",""7b"",""7c""],""_evidence"":""incomplete"",""_missing"":""核心必需子项不完整或覆盖不足80%"",""_status"":""not_triggered""}",跳过,economic_not_applicable,ttm_fcff_nonpositive,,,,,,,,{},,,,,,
002088,鲁阳节能,BUILDING_MATERIAL,5️⃣ 强周期底部,5️⃣ 强周期底部,7.5,type5,True,5d 6.0分:历史利润振幅13.6倍；5a 7.0分:大宗行业/毛利/利润周期；5e 7.0分:10年均利PE10.3倍,4.4,False,True,1.5,远离买入区174%,8.0,五项满分4项,5.6,FCF6.8%;末2.41亿,0.0,最新同口径利润降幅≥50%,"{""_applicable"":""yes"",""_condition"":""须进入模型买入区"",""_decision_missing_dimensions"":[],""_evidence"":""complete"",""_score_quality"":""完整证据评分"",""_status"":""vetoed"",""_veto"":""买入区深度不足""}",4.2,False,True,1.02,产业聚合增速-7.9%,2.0,年度利润暴跌,7.7,量价冷度;60日-31.1%…,6.85,当前PB/行业0.9倍,"{""_applicable"":""yes"",""_coverage"":""公司3年连续财务数据;同行市净率"",""_decision_missing_dimensions"":[],""_evidence"":""complete"",""_score_quality"":""完整证据评分"",""_status"":""vetoed"",""_veto"":""产业与公司热度平均须>4""}",0.0,False,False,0.0,趋势增速不足10%,0.0,趋势增速不足10%,0.0,趋势增速不足10%,0.0,趋势增速不足10%,0.0,趋势增速不足10%,"{""_applicable"":""no"",""_decision_missing_dimensions"":[],""_evidence"":""complete"",""_scope"":""趋势增速不足10%"",""_score_quality"":""模型不适用，0分不是结论"",""_status"":""not_applicable""}",2.8,False,False,1.5,增长趋势与同行数据,2.0,最新同口径利润降幅≥50%,5.9,多年盈利稳定性数据,1.13,价格/10年中性终局2.1倍,7.0,行业营收与利润数据,0.0,乐观上沿透支30年+,"{""_4f_formula"":""opt_upper_v1"",""_applicable"":""yes"",""_decision_missing_dimensions"":[],""_evidence"":""complete"",""_score_quality"":""完整证据评分"",""_status"":""not_triggered""}",7.5,True,False,7.0,大宗行业/毛利/利润周期,7.7,PB0%/1.40;冷8;毛10,9.0,资产负债表稳健4项,6.0,历史利润振幅13.6倍,7.0,10年均利PE10.3倍,"{""_applicable"":""yes"",""_decision_missing_dimensions"":[],""_evidence"":""complete"",""_score_quality"":""完整证据评分"",""_status"":""triggered""}",3.2,False,True,1.0,产业增速-7.9%,2.0,研发与经营数据,4.8,经营效率与现金流数据,2.0,最新同口径利润降幅≥50%,9.0,"建议单票≤3%,组合≤15%","{""_applicable"":""yes"",""_condition"":""须确认实际仓位符合建议上限"",""_decision_missing_dimensions"":[],""_evidence"":""complete"",""_profile"":""平稳产业反转型"",""_risk"":""最坏归零时组合最大损失≤3%"",""_score_quality"":""完整证据评分"",""_status"":""vetoed"",""_veto"":""仅0项核心证据≥5""}",4.4,False,False,3.854,长期质量回报38.54,4.644,产业质量估值46.44,4.762,商业安全47.62；边际12.9,"{""_applicable"":""yes"",""_condition"":""补全全部缺失证据后仍至少一套不超过70"",""_decision_missing_dimensions"":[""7a"",""7c""],""_evidence"":""incomplete"",""_missing"":""核心必需子项不完整或覆盖不足80%"",""_status"":""not_triggered""}",有效,,,卖出区,6.98,2.547829322730423,4.270220530351981,-236.8,0.1093,240886510.13000003,"{""neutral"":{""current_period_growth_cap_basis"":""missing_current_period_conservative_cap"",""forecast_years"":5,""growth"":-0.1,""growth_evidence"":""historical_cagr_and_trend"",""margin_retention"":0.6,""structural_decline_evidence"":null,""terminal_g"":0.01,""wacc_base"":0.10934214810877911},""optimistic"":{""current_period_growth_cap_basis"":""missing_current_period_conservative_cap"",""forecast_years"":5,""growth"":0.0,""growth_evidence"":""historical_cagr_and_trend"",""margin_retention"":0.85,""structural_decline_evidence"":null,""terminal_g"":0.02,""wacc_base"":0.1043421481087791},""pessimistic"":{""current_period_growth_cap_basis"":""missing_current_period_conservative_cap"",""forecast_years"":5,""growth"":-0.2,""growth_evidence"":""historical_cagr_and_trend"",""margin_retention"":0.4,""structural_decline_evidence"":null,""terminal_g"":0.0,""wacc_base"":0.1193421481087791}}",2.02047471133665,2.0724245415353364,3.023234103925509,3.1949615853872584,5.345479475316704,5.87271662586924
002171,楚江新材,NONFERROUS,无触发（不买）,2️⃣ 两热一冷,6.4,,False,2b 3.5分:拐点1项:最新同口径营收增；2a 6.5分:产业聚合增速10.2%；2c 7.7分:量价冷度;60日-22.7%…,0.0,False,False,0.0,当前经济条件不适用估值,0.0,当前经济条件不适用估值,0.0,当前经济条件不适用估值,0.0,当前经济条件不适用估值,"{""_applicable"":""no"",""_decision_missing_dimensions"":[],""_evidence"":""complete"",""_scope"":""当前经济条件不适用估值"",""_score_quality"":""模型不适用，0分不是结论"",""_status"":""not_applicable""}",6.4,False,False,6.5,产业聚合增速10.2%,3.5,拐点1项:最新同口径营收增,7.7,量价冷度;60日-22.7%…,8.91,当前PB/行业0.5倍,"{""_applicable"":""yes"",""_coverage"":""公司3年连续财务数据;同行市净率"",""_decision_missing_dimensions"":[],""_evidence"":""complete"",""_score_quality"":""完整证据评分"",""_status"":""observe""}",3.4,False,True,2.9,盈利能力与同行数据,2.0,最新报告期经营现金流为负,1.5,投入回报率减资金成本=-9.6%,5.0,弱代理2.0分:最新报告期经营现金流为负,7.7,行业与估值数据,"{""_applicable"":""yes"",""_decision_missing_dimensions"":[""3b"",""3d""],""_evidence"":""incomplete"",""_missing"":""缺增长质量/增长持续性证据"",""_score_quality"":""证据不足，分数仅供诊断"",""_status"":""vetoed"",""_veto"":""护城河证据不足""}",0.0,False,False,0.0,当前经济条件不适用估值,0.0,当前经济条件不适用估值,0.0,当前经济条件不适用估值,0.0,当前经济条件不适用估值,0.0,当前经济条件不适用估值,0.0,当前经济条件不适用估值,"{""_applicable"":""no"",""_decision_missing_dimensions"":[],""_evidence"":""complete"",""_scope"":""当前经济条件不适用估值"",""_score_quality"":""模型不适用，0分不是结论"",""_status"":""not_applicable""}",0.0,False,False,0.0,强周期属性缺毛利或盈利历史,0.0,强周期属性缺毛利或盈利历史,0.0,强周期属性缺毛利或盈利历史,0.0,强周期属性缺毛利或盈利历史,0.0,强周期属性缺毛利或盈利历史,"{""_applicable"":""yes"",""_decision_missing_dimensions"":[""5a"",""5b"",""5c"",""5d"",""5e""],""_evidence"":""incomplete"",""_missing"":""强周期属性缺毛利或盈利历史"",""_score_placeholder"":""全部子分为缺失占位"",""_score_quality"":""证据不足，分数仅供诊断"",""_status"":""insufficient_evidence""}",5.1,False,True,6.0,产业增速10.2%,3.2,研发与经营数据,4.7,经营效率与现金流数据,3.0,最新同口径经营现金流降幅≥20%,10.0,"建议单票≤1%,组合≤8%","{""_applicable"":""yes"",""_condition"":""须确认实际仓位符合建议上限"",""_decision_missing_dimensions"":[],""_evidence"":""complete"",""_profile"":""高景气技术型"",""_risk"":""最坏归零时组合最大损失≤1%"",""_score_quality"":""完整证据评分"",""_status"":""vetoed"",""_veto"":""仅1项核心证据≥5""}",3.6,False,False,4.012,长期质量回报40.12,3.354,产业质量估值33.54,3.299,商业安全32.99；边际4.2,"{""_applicable"":""yes"",""_condition"":""补全全部缺失证据后仍至少一套不超过70"",""_decision_missing_dimensions"":[""7a"",""7b"",""7c""],""_evidence"":""incomplete"",""_missing"":""核心必需子项不完整或覆盖不足80%"",""_status"":""not_triggered""}",跳过,economic_not_applicable,ttm_fcff_nonpositive,,,,,,,,{},,,,,,
002180,奔图科技,SOFTWARE,无触发（不买）,6️⃣ 高风险早期/困境型,5.5,,False,_condition 2.0分:须确认实际仓位符合建议上限；6d 2.0分:最新同口径营收降幅≥50%；6b 4.2分:研发与经营数据,0.0,False,False,0.0,当前经济条件不适用估值,0.0,当前经济条件不适用估值,0.0,当前经济条件不适用估值,0.0,当前经济条件不适用估值,"{""_applicable"":""no"",""_decision_missing_dimensions"":[],""_evidence"":""complete"",""_scope"":""当前经济条件不适用估值"",""_score_quality"":""模型不适用，0分不是结论"",""_status"":""not_applicable""}",4.9,False,True,6.01,产业聚合增速8.5%,0.5,拐点证据不足,7.3,量价冷度;60日-12.2%…,7.2,当前PB/行业0.8倍,"{""_applicable"":""yes"",""_coverage"":""公司3年连续财务数据;同行市净率"",""_decision_missing_dimensions"":[],""_evidence"":""complete"",""_score_quality"":""完整证据评分"",""_status"":""vetoed"",""_veto"":""产业与公司热度平均须>4""}",0.0,False,False,0.0,趋势增速不足10%,0.0,趋势增速不足10%,0.0,趋势增速不足10%,0.0,趋势增速不足10%,0.0,趋势增速不足10%,"{""_applicable"":""no"",""_decision_missing_dimensions"":[],""_evidence"":""complete"",""_scope"":""趋势增速不足10%"",""_score_quality"":""模型不适用，0分不是结论"",""_status"":""not_applicable""}",0.0,False,False,0.0,当前经济条件不适用估值,0.0,当前经济条件不适用估值,0.0,当前经济条件不适用估值,0.0,当前经济条件不适用估值,0.0,当前经济条件不适用估值,0.0,当前经济条件不适用估值,"{""_applicable"":""no"",""_decision_missing_dimensions"":[],""_evidence"":""complete"",""_scope"":""当前经济条件不适用估值"",""_score_quality"":""模型不适用，0分不是结论"",""_status"":""not_applicable""}",0.0,False,False,0.0,非强周期标的，适用其他框架,0.0,非强周期标的，适用其他框架,0.0,非强周期标的，适用其他框架,0.0,非强周期标的，适用其他框架,0.0,非强周期标的，适用其他框架,"{""_applicable"":""no"",""_decision_missing_dimensions"":[],""_evidence"":""complete"",""_scope"":""非强周期标的，适用其他框架"",""_score_quality"":""模型不适用，0分不是结论"",""_status"":""not_applicable""}",5.5,False,False,6.0,产业增速8.5%,4.2,研发与经营数据,8.0,经营效率与现金流数据,2.0,最新同口径营收降幅≥50%,10.0,"建议单票≤1%,组合≤8%","{""_applicable"":""yes"",""_condition"":""须确认实际仓位符合建议上限"",""_decision_missing_dimensions"":[],""_evidence"":""complete"",""_profile"":""高景气技术型"",""_risk"":""最坏归零时组合最大损失≤1%"",""_score_quality"":""完整证据评分"",""_status"":""observe""}",3.7,False,False,3.727,长期质量回报37.27,3.394,产业质量估值33.94,3.832,商业安全38.32；边际5.7,"{""_applicable"":""yes"",""_condition"":""补全全部缺失证据后仍至少一套不超过70"",""_decision_missing_dimensions"":[""7a"",""7b"",""7c""],""_evidence"":""incomplete"",""_missing"":""核心必需子项不完整或覆盖不足80%"",""_status"":""not_triggered""}",跳过,economic_not_applicable,nonpositive_pessimistic_equity_value,,,,,,,,{},,,,,,
002192,融捷股份,NONFERROUS,无触发（不买）,5️⃣ 强周期底部,5.6,,False,5e 1.0分:10年均利PE51.2倍；5b 3.5分:PB41%/4.11;冷1;利8；5d 6.0分:历史利润振幅459.9倍,0.0,False,False,0.0,当前经济条件不适用估值,0.0,当前经济条件不适用估值,0.0,当前经济条件不适用估值,0.0,当前经济条件不适用估值,"{""_applicable"":""no"",""_decision_missing_dimensions"":[],""_evidence"":""complete"",""_scope"":""当前经济条件不适用估值"",""_score_quality"":""模型不适用，0分不是结论"",""_status"":""not_applicable""}",4.7,False,False,6.52,产业聚合增速10.3%,2.0,最新同口径现金恶化,6.3,量价冷度;60日-31.9%…,4.62,当前PB/行业1.3倍,"{""_applicable"":""yes"",""_condition"":""估值须合理或满足强周期修正"",""_coverage"":""公司3年连续财务数据;同行市净率"",""_decision_missing_dimensions"":[],""_evidence"":""complete"",""_score_quality"":""完整证据评分"",""_status"":""not_triggered""}",0.0,False,False,0.0,趋势增速不足10%,0.0,趋势增速不足10%,0.0,趋势增速不足10%,0.0,趋势增速不足10%,0.0,趋势增速不足10%,"{""_applicable"":""no"",""_decision_missing_dimensions"":[],""_evidence"":""complete"",""_scope"":""趋势增速不足10%"",""_score_quality"":""模型不适用，0分不是结论"",""_status"":""not_applicable""}",0.0,False,False,0.0,当前经济条件不适用估值,0.0,当前经济条件不适用估值,0.0,当前经济条件不适用估值,0.0,当前经济条件不适用估值,0.0,当前经济条件不适用估值,0.0,当前经济条件不适用估值,"{""_applicable"":""no"",""_decision_missing_dimensions"":[],""_evidence"":""complete"",""_scope"":""当前经济条件不适用估值"",""_score_quality"":""模型不适用，0分不是结论"",""_status"":""not_applicable""}",5.6,False,False,7.0,大宗行业/毛利/利润周期,3.5,PB41%/4.11;冷1;利8,8.0,资产负债表稳健3项,6.0,历史利润振幅459.9倍,1.0,10年均利PE51.2倍,"{""_applicable"":""yes"",""_decision_missing_dimensions"":[],""_evidence"":""complete"",""_score_quality"":""完整证据评分"",""_status"":""observe""}",0.0,False,False,0.0,公司并非亏损或净利率≤5%的微利标的,0.0,公司并非亏损或净利率≤5%的微利标的,0.0,公司并非亏损或净利率≤5%的微利标的,0.0,公司并非亏损或净利率≤5%的微利标的,0.0,公司并非亏损或净利率≤5%的微利标的,"{""_applicable"":""no"",""_decision_missing_dimensions"":[],""_evidence"":""complete"",""_scope"":""公司并非亏损或净利率≤5%的微利标的"",""_score_quality"":""模型不适用，0分不是结论"",""_status"":""not_applicable""}",4.4,False,False,4.46,长期质量回报44.60,4.581,产业质量估值45.81,4.035,商业安全40.35；边际10.5,"{""_applicable"":""yes"",""_condition"":""补全全部缺失证据后仍至少一套不超过70"",""_decision_missing_dimensions"":[""7a"",""7b"",""7c""],""_evidence"":""incomplete"",""_missing"":""核心必需子项不完整或覆盖不足80%"",""_status"":""not_triggered""}",跳过,economic_not_applicable,ttm_fcff_nonpositive,,,,,,,,{},,,,,,
002268,电科网安,SOFTWARE,无触发（不买）,2️⃣ 两热一冷,5.5,,True,_veto 2.0分:产业与公司热度平均须>4；2b 2.0分:拐点1项:现金流支撑；2a 5.85分:产业聚合增速8.0%,3.3,False,True,1.5,远离买入区324%,8.0,五项满分3项,0.1,FCF0.2%;末2334.60万,0.0,最新报告期利润为负,"{""_applicable"":""yes"",""_condition"":""须进入模型买入区"",""_decision_missing_dimensions"":[],""_evidence"":""complete"",""_score_quality"":""完整证据评分"",""_status"":""vetoed"",""_veto"":""买入区深度不足""}",5.5,False,True,5.85,产业聚合增速8.0%,2.0,拐点1项:现金流支撑,7.3,量价冷度;60日-15.8%…,8.11,当前PB/行业0.6倍,"{""_applicable"":""yes"",""_coverage"":""公司3年连续财务数据;同行市净率"",""_decision_missing_dimensions"":[],""_evidence"":""complete"",""_score_quality"":""完整证据评分"",""_status"":""vetoed"",""_veto"":""产业与公司热度平均须>4""}",0.0,False,False,0.0,趋势增速不足10%,0.0,趋势增速不足10%,0.0,趋势增速不足10%,0.0,趋势增速不足10%,0.0,趋势增速不足10%,"{""_applicable"":""no"",""_decision_missing_dimensions"":[],""_evidence"":""complete"",""_scope"":""趋势增速不足10%"",""_score_quality"":""模型不适用，0分不是结论"",""_status"":""not_applicable""}",2.5,False,False,1.5,增长趋势与同行数据,2.0,最新报告期利润为负,4.8,多年盈利稳定性数据,0.0,价格/10年中性终局4.2倍,8.6,行业营收与利润数据,0.0,乐观上沿透支30年+,"{""_4f_formula"":""opt_upper_v1"",""_applicable"":""yes"",""_decision_missing_dimensions"":[],""_evidence"":""complete"",""_score_quality"":""完整证据评分"",""_status"":""not_triggered""}",0.0,False,False,0.0,非强周期标的，适用其他框架,0.0,非强周期标的，适用其他框架,0.0,非强周期标的，适用其他框架,0.0,非强周期标的，适用其他框架,0.0,非强周期标的，适用其他框架,"{""_applicable"":""no"",""_decision_missing_dimensions"":[],""_evidence"":""complete"",""_scope"":""非强周期标的，适用其他框架"",""_score_quality"":""模型不适用，0分不是结论"",""_status"":""not_applicable""}",0.0,False,False,0.0,平稳产业反转型市值超过100亿元,0.0,平稳产业反转型市值超过100亿元,0.0,平稳产业反转型市值超过100亿元,0.0,平稳产业反转型市值超过100亿元,0.0,平稳产业反转型市值超过100亿元,"{""_applicable"":""no"",""_decision_missing_dimensions"":[],""_evidence"":""complete"",""_scope"":""平稳产业反转型市值超过100亿元"",""_score_quality"":""模型不适用，0分不是结论"",""_status"":""not_applicable""}",3.5,False,False,3.783,长期质量回报37.83,3.003,产业质量估值30.03,3.861,商业安全38.61；边际7.8,"{""_applicable"":""yes"",""_condition"":""补全全部缺失证据后仍至少一套不超过70"",""_decision_missing_dimensions"":[""7a"",""7b"",""7c""],""_evidence"":""incomplete"",""_missing"":""核心必需子项不完整或覆盖不足80%"",""_status"":""not_triggered""}",有效,,,卖出区,13.43,3.169845268973469,3.230310648336594,-326.52,0.1431,23346044.870000035,"{""neutral"":{""current_period_growth_cap_basis"":""missing_current_period_conservative_cap"",""forecast_years"":5,""growth"":-0.1,""growth_evidence"":""historical_cagr_and_trend"",""margin_retention"":0.6,""structural_decline_evidence"":""revenue_multi_year_decline"",""terminal_g"":-0.01,""wacc_base"":0.14310829752010967},""optimistic"":{""current_period_growth_cap_basis"":""missing_current_period_conservative_cap"",""forecast_years"":5,""growth"":0.0,""growth_evidence"":""historical_cagr_and_trend"",""margin_retention"":0.85,""structural_decline_evidence"":""revenue_multi_year_decline"",""terminal_g"":0.0,""wacc_base"":0.13810829752010967},""pessimistic"":{""current_period_growth_cap_basis"":""missing_current_period_conservative_cap"",""forecast_years"":5,""growth"":-0.2,""growth_evidence"":""historical_cagr_and_trend"",""margin_retention"":0.4,""structural_decline_evidence"":""revenue_multi_year_decline"",""terminal_g"":-0.02,""wacc_base"":0.15310829752010968}}",3.1451462094593214,3.148740118932521,3.190950419014417,3.198427439171229,3.262193857501959,3.2766869100229155
002298,中电鑫龙,ELEC_EQUIP,无触发（不买）,2️⃣ 两热一冷,4.4,,False,_veto 1.5分:产业与公司热度平均须>4；2b 1.5分:拐点证据不足；2d 5.41分:当前PB/行业1.1倍,0.0,False,False,0.0,当前经济条件不适用估值,0.0,当前经济条件不适用估值,0.0,当前经济条件不适用估值,0.0,当前经济条件不适用估值,"{""_applicable"":""no"",""_decision_missing_dimensions"":[],""_evidence"":""complete"",""_scope"":""当前经济条件不适用估值"",""_score_quality"":""模型不适用，0分不是结论"",""_status"":""not_applicable""}",4.4,False,True,5.47,产业聚合增速6.7%,1.5,拐点证据不足,6.1,量价冷度;60日-17.8%…,5.41,当前PB/行业1.1倍,"{""_applicable"":""yes"",""_coverage"":""公司3年连续财务数据;同行市净率"",""_decision_missing_dimensions"":[],""_evidence"":""complete"",""_score_quality"":""完整证据评分"",""_status"":""vetoed"",""_veto"":""产业与公司热度平均须>4""}",0.0,False,False,0.0,趋势增速不足10%,0.0,趋势增速不足10%,0.0,趋势增速不足10%,0.0,趋势增速不足10%,0.0,趋势增速不足10%,"{""_applicable"":""no"",""_decision_missing_dimensions"":[],""_evidence"":""complete"",""_scope"":""趋势增速不足10%"",""_score_quality"":""模型不适用，0分不是结论"",""_status"":""not_applicable""}",0.0,False,False,0.0,当前经济条件不适用估值,0.0,当前经济条件不适用估值,0.0,当前经济条件不适用估值,0.0,当前经济条件不适用估值,0.0,当前经济条件不适用估值,0.0,当前经济条件不适用估值,"{""_applicable"":""no"",""_decision_missing_dimensions"":[],""_evidence"":""complete"",""_scope"":""当前经济条件不适用估值"",""_score_quality"":""模型不适用，0分不是结论"",""_status"":""not_applicable""}",0.0,False,False,0.0,非强周期标的，适用其他框架,0.0,非强周期标的，适用其他框架,0.0,非强周期标的，适用其他框架,0.0,非强周期标的，适用其他框架,0.0,非强周期标的，适用其他框架,"{""_applicable"":""no"",""_decision_missing_dimensions"":[],""_evidence"":""complete"",""_scope"":""非强周期标的，适用其他框架"",""_score_quality"":""模型不适用，0分不是结论"",""_status"":""not_applicable""}",4.3,False,True,3.0,产业增速6.7%,2.7,研发与经营数据,7.7,经营效率与现金流数据,2.0,最新同口径经营现金流转负,9.0,"建议单票≤3%,组合≤15%","{""_applicable"":""yes"",""_condition"":""须确认实际仓位符合建议上限"",""_decision_missing_dimensions"":[],""_evidence"":""complete"",""_profile"":""平稳产业反转型"",""_risk"":""最坏归零时组合最大损失≤3%"",""_score_quality"":""完整证据评分"",""_status"":""vetoed"",""_veto"":""仅1项核心证据≥5""}",3.5,False,False,3.52,长期质量回报35.20,3.289,产业质量估值32.89,3.72,商业安全37.20；边际6.0,"{""_applicable"":""yes"",""_condition"":""补全全部缺失证据后仍至少一套不超过70"",""_decision_missing_dimensions"":[""7a"",""7b"",""7c""],""_evidence"":""incomplete"",""_missing"":""核心必需子项不完整或覆盖不足80%"",""_status"":""not_triggered""}",跳过,economic_not_applicable,ttm_fcff_nonpositive,,,,,,,,{},,,,,,
002335,科华数据,ELEC_EQUIP,2️⃣ 两热一冷,2️⃣ 两热一冷,7.0,type2,True,2d 5.12分:当前PB/行业1.2倍；2a 5.48分:产业聚合增速6.7%；2c 7.6分:量价冷度;60日-31.9%…,5.1,False,True,1.5,远离买入区377%,9.0,五项满分4项,3.5,FCF4.0%;末8.89亿,5.3,财务趋势与同行数据,"{""_applicable"":""yes"",""_condition"":""须进入模型买入区"",""_decision_missing_dimensions"":[],""_evidence"":""complete"",""_score_quality"":""完整证据评分"",""_status"":""vetoed"",""_veto"":""买入区深度不足""}",7.0,True,False,5.48,产业聚合增速6.7%,9.0,拐点4项:营收加速+现金流支撑,7.6,量价冷度;60日-31.9%…,5.12,当前PB/行业1.2倍,"{""_applicable"":""yes"",""_coverage"":""公司3年连续财务数据;同行市净率"",""_decision_missing_dimensions"":[],""_evidence"":""complete"",""_score_quality"":""完整证据评分"",""_status"":""triggered""}",0.0,False,False,0.0,趋势增速不足10%,0.0,趋势增速不足10%,0.0,趋势增速不足10%,0.0,趋势增速不足10%,0.0,趋势增速不足10%,"{""_applicable"":""no"",""_decision_missing_dimensions"":[],""_evidence"":""complete"",""_scope"":""趋势增速不足10%"",""_score_quality"":""模型不适用，0分不是结论"",""_status"":""not_applicable""}",4.1,False,False,1.5,增长趋势与同行数据,6.0,净4/毛10/现9/ROIC1,6.4,多年盈利稳定性数据,0.0,价格/10年中性终局2.9倍,8.4,行业营收与利润数据,4.0,乐观上沿透支8年,"{""_4f_formula"":""opt_upper_v1"",""_applicable"":""yes"",""_decision_missing_dimensions"":[],""_evidence"":""complete"",""_score_quality"":""完整证据评分"",""_status"":""not_triggered""}",0.0,False,False,0.0,非强周期标的，适用其他框架,0.0,非强周期标的，适用其他框架,0.0,非强周期标的，适用其他框架,0.0,非强周期标的，适用其他框架,0.0,非强周期标的，适用其他框架,"{""_applicable"":""no"",""_decision_missing_dimensions"":[],""_evidence"":""complete"",""_scope"":""非强周期标的，适用其他框架"",""_score_quality"":""模型不适用，0分不是结论"",""_status"":""not_applicable""}",0.0,False,False,0.0,平稳产业反转型市值超过100亿元,0.0,平稳产业反转型市值超过100亿元,0.0,平稳产业反转型市值超过100亿元,0.0,平稳产业反转型市值超过100亿元,0.0,平稳产业反转型市值超过100亿元,"{""_applicable"":""no"",""_decision_missing_dimensions"":[],""_evidence"":""complete"",""_scope"":""平稳产业反转型市值超过100亿元"",""_score_quality"":""模型不适用，0分不是结论"",""_status"":""not_applicable""}",4.4,False,False,4.667,长期质量回报46.67,4.163,产业质量估值41.63,4.439,商业安全44.39；边际8.6,"{""_applicable"":""yes"",""_condition"":""补全全部缺失证据后仍至少一套不超过70"",""_decision_missing_dimensions"":[""7a"",""7b"",""7c""],""_evidence"":""incomplete"",""_missing"":""核心必需子项不完整或覆盖不足80%"",""_status"":""not_triggered""}",有效,,,卖出区,29.58,6.202628869825386,14.835855984140382,-787.61,0.1297,889486319.73,"{""neutral"":{""current_period_growth_cap_basis"":""no_current_period_downward_cap"",""forecast_years"":5,""growth"":0.1185,""growth_evidence"":""historical_cagr_and_trend"",""margin_retention"":0.6,""structural_decline_evidence"":null,""terminal_g"":0.01,""wacc_base"":0.1296911602935202},""optimistic"":{""current_period_growth_cap_basis"":""no_current_period_downward_cap"",""forecast_years"":5,""growth"":0.22,""growth_evidence"":""historical_cagr_and_trend"",""margin_retention"":0.85,""structural_decline_evidence"":null,""terminal_g"":0.02,""wacc_base"":0.1246911602935202},""pessimistic"":{""current_period_growth_cap_basis"":""no_current_period_downward_cap"",""forecast_years"":5,""growth"":-0.05,""growth_evidence"":""historical_cagr_and_trend"",""margin_retention"":0.4,""structural_decline_evidence"":null,""terminal_g"":0.0,""wacc_base"":0.13969116029352022}}",3.1226932843591926,3.3325405491786806,9.07271719047209,9.911012757865716,19.760699210415048,22.009309296991756
002337,赛象科技,INDUST_MACHINERY,无触发（不买）,2️⃣ 两热一冷,6.3,,False,2b 4.0分:拐点2项:最新同口径营收增+最新同口径…；2a 6.01分:产业聚合增速8.5%；2c 8.0分:量价冷度;60日-32.1%…,0.0,False,False,0.0,当前经济条件不适用估值,0.0,当前经济条件不适用估值,0.0,当前经济条件不适用估值,0.0,当前经济条件不适用估值,"{""_applicable"":""no"",""_decision_missing_dimensions"":[],""_evidence"":""complete"",""_scope"":""当前经济条件不适用估值"",""_score_quality"":""模型不适用，0分不是结论"",""_status"":""not_applicable""}",6.3,False,False,6.01,产业聚合增速8.5%,4.0,拐点2项:最新同口径营收增+最新同口径…,8.0,量价冷度;60日-32.1%…,8.03,当前PB/行业0.7倍,"{""_applicable"":""yes"",""_coverage"":""公司3年连续财务数据;同行市净率"",""_decision_missing_dimensions"":[],""_evidence"":""complete"",""_score_quality"":""完整证据评分"",""_status"":""observe""}",0.0,False,False,0.0,趋势增速不足10%,0.0,趋势增速不足10%,0.0,趋势增速不足10%,0.0,趋势增速不足10%,0.0,趋势增速不足10%,"{""_applicable"":""no"",""_decision_missing_dimensions"":[],""_evidence"":""complete"",""_scope"":""趋势增速不足10%"",""_score_quality"":""模型不适用，0分不是结论"",""_status"":""not_applicable""}",0.0,False,False,0.0,当前经济条件不适用估值,0.0,当前经济条件不适用估值,0.0,当前经济条件不适用估值,0.0,当前经济条件不适用估值,0.0,当前经济条件不适用估值,0.0,当前经济条件不适用估值,"{""_applicable"":""no"",""_decision_missing_dimensions"":[],""_evidence"":""complete"",""_scope"":""当前经济条件不适用估值"",""_score_quality"":""模型不适用，0分不是结论"",""_status"":""not_applicable""}",0.0,False,False,0.0,非强周期标的，适用其他框架,0.0,非强周期标的，适用其他框架,0.0,非强周期标的，适用其他框架,0.0,非强周期标的，适用其他框架,0.0,非强周期标的，适用其他框架,"{""_applicable"":""no"",""_decision_missing_dimensions"":[],""_evidence"":""complete"",""_scope"":""非强周期标的，适用其他框架"",""_score_quality"":""模型不适用，0分不是结论"",""_status"":""not_applicable""}",0.0,False,False,0.0,公司并非亏损或净利率≤5%的微利标的,0.0,公司并非亏损或净利率≤5%的微利标的,0.0,公司并非亏损或净利率≤5%的微利标的,0.0,公司并非亏损或净利率≤5%的微利标的,0.0,公司并非亏损或净利率≤5%的微利标的,"{""_applicable"":""no"",""_decision_missing_dimensions"":[],""_evidence"":""complete"",""_scope"":""公司并非亏损或净利率≤5%的微利标的"",""_score_quality"":""模型不适用，0分不是结论"",""_status"":""not_applicable""}",3.4,False,False,3.701,长期质量回报37.01,3.274,产业质量估值32.74,3.233,商业安全32.33；边际5.8,"{""_applicable"":""yes"",""_condition"":""补全全部缺失证据后仍至少一套不超过70"",""_decision_missing_dimensions"":[""7a"",""7b"",""7c""],""_evidence"":""incomplete"",""_missing"":""核心必需子项不完整或覆盖不足80%"",""_status"":""not_triggered""}",跳过,economic_not_applicable,ttm_fcff_nonpositive_normalised,,,,,,,,{},,,,,,
002386,天原股份,CHEMICAL,无触发（不买）,2️⃣ 两热一冷,5.2,,False,_veto 2.87分:产业与公司热度平均须>4；2a 2.87分:产业聚合增速1.5%；2b 3.5分:拐点2项:最新同口径营收增+最新同口径…,0.0,False,False,0.0,当前经济条件不适用估值,0.0,当前经济条件不适用估值,0.0,当前经济条件不适用估值,0.0,当前经济条件不适用估值,"{""_applicable"":""no"",""_decision_missing_dimensions"":[],""_evidence"":""complete"",""_scope"":""当前经济条件不适用估值"",""_score_quality"":""模型不适用，0分不是结论"",""_status"":""not_applicable""}",5.2,False,True,2.87,产业聚合增速1.5%,3.5,拐点2项:最新同口径营收增+最新同口径…,6.7,量价冷度;60日-18.4%…,9.0,当前PB/行业0.5倍,"{""_applicable"":""yes"",""_coverage"":""公司3年连续财务数据;同行市净率"",""_decision_missing_dimensions"":[],""_evidence"":""complete"",""_score_quality"":""完整证据评分"",""_status"":""vetoed"",""_veto"":""产业与公司热度平均须>4""}",0.0,False,False,0.0,趋势增速不足10%,0.0,趋势增速不足10%,0.0,趋势增速不足10%,0.0,趋势增速不足10%,0.0,趋势增速不足10%,"{""_applicable"":""no"",""_decision_missing_dimensions"":[],""_evidence"":""complete"",""_scope"":""趋势增速不足10%"",""_score_quality"":""模型不适用，0分不是结论"",""_status"":""not_applicable""}",0.0,False,False,0.0,当前经济条件不适用估值,0.0,当前经济条件不适用估值,0.0,当前经济条件不适用估值,0.0,当前经济条件不适用估值,0.0,当前经济条件不适用估值,0.0,当前经济条件不适用估值,"{""_applicable"":""no"",""_decision_missing_dimensions"":[],""_evidence"":""complete"",""_scope"":""当前经济条件不适用估值"",""_score_quality"":""模型不适用，0分不是结论"",""_status"":""not_applicable""}",0.0,False,False,0.0,强周期属性缺毛利或盈利历史,0.0,强周期属性缺毛利或盈利历史,0.0,强周期属性缺毛利或盈利历史,0.0,强周期属性缺毛利或盈利历史,0.0,强周期属性缺毛利或盈利历史,"{""_applicable"":""yes"",""_decision_missing_dimensions"":[""5a"",""5b"",""5c"",""5d"",""5e""],""_evidence"":""incomplete"",""_missing"":""强周期属性缺毛利或盈利历史"",""_score_placeholder"":""全部子分为缺失占位"",""_score_quality"":""证据不足，分数仅供诊断"",""_status"":""insufficient_evidence""}",3.8,False,True,3.0,产业增速1.5%,1.8,研发与经营数据,4.1,经营效率与现金流数据,3.0,最新同口径经营现金流降幅≥20%,9.0,"建议单票≤3%,组合≤15%","{""_applicable"":""yes"",""_condition"":""须确认实际仓位符合建议上限"",""_decision_missing_dimensions"":[],""_evidence"":""complete"",""_profile"":""平稳产业反转型"",""_risk"":""最坏归零时组合最大损失≤3%"",""_score_quality"":""完整证据评分"",""_status"":""vetoed"",""_veto"":""仅0项核心证据≥5""}",2.6,False,False,2.462,长期质量回报24.62,2.851,产业质量估值28.51,2.632,商业安全26.32；边际3.4,"{""_applicable"":""yes"",""_condition"":""补全全部缺失证据后仍至少一套不超过70"",""_decision_missing_dimensions"":[""7a"",""7b"",""7c""],""_evidence"":""incomplete"",""_missing"":""核心必需子项不完整或覆盖不足80%"",""_status"":""not_triggered""}",跳过,economic_not_applicable,ttm_fcff_nonpositive,,,,,,,,{},,,,,,
002482,广田集团,CONSTRUCTION,无触发（不买）,6️⃣ 高风险早期/困境型,4.0,,False,_veto 1.0分:仅1项核心证据≥5；_condition 1.0分:须确认实际仓位符合建议上限；6a 1.0分:产业增速-5.0%,0.0,False,False,0.0,当前经济条件不适用估值,0.0,当前经济条件不适用估值,0.0,当前经济条件不适用估值,0.0,当前经济条件不适用估值,"{""_applicable"":""no"",""_decision_missing_dimensions"":[],""_evidence"":""complete"",""_scope"":""当前经济条件不适用估值"",""_score_quality"":""模型不适用，0分不是结论"",""_status"":""not_applicable""}",3.7,False,True,1.37,产业聚合增速-5.0%,4.0,最新同口径经营现金流明显下滑,8.0,量价冷度;60日-28.6%…,1.0,当前PB/行业6.5倍,"{""_applicable"":""yes"",""_condition"":""估值须合理或满足强周期修正"",""_coverage"":""公司3年连续财务数据;同行市净率"",""_decision_missing_dimensions"":[],""_evidence"":""complete"",""_score_quality"":""完整证据评分"",""_status"":""vetoed"",""_veto"":""产业与公司热度平均须>4""}",0.0,False,False,0.0,趋势增速不足10%,0.0,趋势增速不足10%,0.0,趋势增速不足10%,0.0,趋势增速不足10%,0.0,趋势增速不足10%,"{""_applicable"":""no"",""_decision_missing_dimensions"":[],""_evidence"":""complete"",""_scope"":""趋势增速不足10%"",""_score_quality"":""模型不适用，0分不是结论"",""_status"":""not_applicable""}",0.0,False,False,0.0,当前经济条件不适用估值,0.0,当前经济条件不适用估值,0.0,当前经济条件不适用估值,0.0,当前经济条件不适用估值,0.0,当前经济条件不适用估值,0.0,当前经济条件不适用估值,"{""_applicable"":""no"",""_decision_missing_dimensions"":[],""_evidence"":""complete"",""_scope"":""当前经济条件不适用估值"",""_score_quality"":""模型不适用，0分不是结论"",""_status"":""not_applicable""}",0.0,False,False,0.0,非强周期标的，适用其他框架,0.0,非强周期标的，适用其他框架,0.0,非强周期标的，适用其他框架,0.0,非强周期标的，适用其他框架,0.0,非强周期标的，适用其他框架,"{""_applicable"":""no"",""_decision_missing_dimensions"":[],""_evidence"":""complete"",""_scope"":""非强周期标的，适用其他框架"",""_score_quality"":""模型不适用，0分不是结论"",""_status"":""not_applicable""}",4.0,False,True,1.0,产业增速-5.0%,3.4,研发与经营数据,6.3,经营效率与现金流数据,3.0,最新同口径经营现金流降幅≥20%,9.0,"建议单票≤3%,组合≤15%","{""_applicable"":""yes"",""_condition"":""须确认实际仓位符合建议上限"",""_decision_missing_dimensions"":[],""_evidence"":""complete"",""_profile"":""平稳产业反转型"",""_risk"":""最坏归零时组合最大损失≤3%"",""_score_quality"":""完整证据评分"",""_status"":""vetoed"",""_veto"":""仅1项核心证据≥5""}",3.0,False,False,3.134,长期质量回报31.34,3.039,产业质量估值30.39,2.962,商业安全29.62；边际4.7,"{""_applicable"":""yes"",""_condition"":""补全全部缺失证据后仍至少一套不超过70"",""_decision_missing_dimensions"":[""7a"",""7b"",""7c""],""_evidence"":""incomplete"",""_missing"":""核心必需子项不完整或覆盖不足80%"",""_status"":""not_triggered""}",跳过,economic_not_applicable,mixed_profit_cycle_unsupported_by_fcff,,,,,,,,{},,,,,,
002522,浙江众成,CHEMICAL,无触发（不买）,5️⃣ 强周期底部,6.1,,True,5e 1.0分:10年均利PE39.0倍；5d 5.0分:历史利润振幅4.9倍；5b 6.0分:PB18%/1.69;冷8;毛10,4.0,False,True,1.5,远离买入区2368%,5.0,五项满分1项,3.4,FCF3.8%;末1.54亿,7.2,财务趋势与同行数据,"{""_applicable"":""yes"",""_condition"":""须进入模型买入区"",""_decision_missing_dimensions"":[],""_evidence"":""complete"",""_score_quality"":""完整证据评分"",""_status"":""vetoed"",""_veto"":""买入区深度不足""}",5.1,False,True,2.81,产业聚合增速1.3%,3.5,拐点2项:现金流支撑+最新同口径营收增,7.7,量价冷度;60日-28.7%…,7.04,当前PB/行业0.8倍,"{""_applicable"":""yes"",""_coverage"":""公司3年连续财务数据;同行市净率"",""_decision_missing_dimensions"":[],""_evidence"":""complete"",""_score_quality"":""完整证据评分"",""_status"":""vetoed"",""_veto"":""产业与公司热度平均须>4""}",0.0,False,False,0.0,趋势增速不足10%,0.0,趋势增速不足10%,0.0,趋势增速不足10%,0.0,趋势增速不足10%,0.0,趋势增速不足10%,"{""_applicable"":""no"",""_decision_missing_dimensions"":[],""_evidence"":""complete"",""_scope"":""趋势增速不足10%"",""_score_quality"":""模型不适用，0分不是结论"",""_status"":""not_applicable""}",3.2,False,False,1.5,增长趋势与同行数据,5.0,净4/毛8/现7/ROIC1,4.8,多年盈利稳定性数据,0.0,价格/10年中性终局10.7倍,7.6,行业营收与利润数据,0.0,乐观上沿透支30年+,"{""_4f_formula"":""opt_upper_v1"",""_applicable"":""yes"",""_decision_missing_dimensions"":[],""_evidence"":""complete"",""_score_quality"":""完整证据评分"",""_status"":""not_triggered""}",6.1,False,False,7.0,大宗行业/毛利/利润周期,6.0,PB18%/1.69;冷8;毛10,8.0,资产负债表稳健3项,5.0,历史利润振幅4.9倍,1.0,10年均利PE39.0倍,"{""_applicable"":""yes"",""_decision_missing_dimensions"":[],""_evidence"":""complete"",""_score_quality"":""完整证据评分"",""_status"":""observe""}",4.5,False,True,3.0,产业增速1.3%,3.7,研发与经营数据,6.2,经营效率与现金流数据,3.0,困境反转未验证,9.0,"建议单票≤3%,组合≤15%","{""_applicable"":""yes"",""_condition"":""须确认实际仓位符合建议上限"",""_decision_missing_dimensions"":[],""_evidence"":""complete"",""_profile"":""平稳产业反转型"",""_risk"":""最坏归零时组合最大损失≤3%"",""_score_quality"":""完整证据评分"",""_status"":""vetoed"",""_veto"":""仅1项核心证据≥5""}",4.2,False,False,3.641,长期质量回报36.41,4.453,产业质量估值44.53,4.371,商业安全43.71；边际10.6,"{""_applicable"":""yes"",""_condition"":""补全全部缺失证据后仍至少一套不超过70"",""_decision_missing_dimensions"":[""7a"",""7c""],""_evidence"":""incomplete"",""_missing"":""核心必需子项不完整或覆盖不足80%"",""_status"":""not_triggered""}",有效,,,卖出区,4.34,0.17584380687776646,0.6446006814417943,-9507.19,0.115,148446467.0208,"{""neutral"":{""current_period_growth_cap_basis"":""missing_current_period_conservative_cap"",""forecast_years"":5,""growth"":-0.1,""growth_evidence"":""historical_cagr_and_trend"",""margin_retention"":0.6,""structural_decline_evidence"":""revenue_and_margin_multi_year_decline"",""terminal_g"":-0.01,""wacc_base"":0.11495031092756647},""optimistic"":{""current_period_growth_cap_basis"":""missing_current_period_conservative_cap"",""forecast_years"":5,""growth"":0.0,""growth_evidence"":""historical_cagr_and_trend"",""margin_retention"":0.85,""structural_decline_evidence"":""revenue_and_margin_multi_year_decline"",""terminal_g"":0.0,""wacc_base"":0.10995031092756646},""pessimistic"":{""current_period_growth_cap_basis"":""missing_current_period_conservative_cap"",""forecast_years"":5,""growth"":-0.2,""growth_evidence"":""historical_cagr_and_trend"",""margin_retention"":0.4,""structural_decline_evidence"":""revenue_and_margin_multi_year_decline"",""terminal_g"":-0.02,""wacc_base"":0.12495031092756646}}",0.030101115784608886,0.04517448819974165,0.3065131255557913,0.3479437952112033,0.9412575676723852,1.0575865686947883
002545,东方铁塔,STEEL,无触发（不买）,2️⃣ 两热一冷,5.6,,True,"_veto 0.95分:产业与公司热度平均须>4；2a 0.95分:产业聚合增速-8.2%；2b 6.0分:最新同口径经营现金流下滑,拐点封顶",4.4,False,True,1.5,远离买入区368%,8.0,五项满分4项,1.4,FCF2.1%;末21.18亿,5.7,最新同口径经营现金流同比下降,"{""_applicable"":""yes"",""_condition"":""须进入模型买入区"",""_decision_missing_dimensions"":[],""_evidence"":""complete"",""_score_quality"":""完整证据评分"",""_status"":""vetoed"",""_veto"":""买入区深度不足""}",5.6,False,True,0.95,产业聚合增速-8.2%,6.0,"最新同口径经营现金流下滑,拐点封顶",6.4,量价冷度;60日-21.8%…,9.88,归母利润趋势PEG0.5,"{""_applicable"":""yes"",""_coverage"":""公司3年连续财务数据;盈利趋势PEG"",""_decision_missing_dimensions"":[],""_evidence"":""complete"",""_score_quality"":""完整证据评分"",""_status"":""vetoed"",""_veto"":""产业与公司热度平均须>4""}",5.0,False,False,5.5,盈利能力与同行数据,5.0,最新同口径经营现金流同比下降,3.5,投入回报率减资金成本=1.4%,5.0,弱代理5.0分:最新同口径经营现金流同…,6.4,行业与估值数据,"{""_applicable"":""yes"",""_decision_missing_dimensions"":[""3b"",""3d""],""_evidence"":""incomplete"",""_missing"":""缺增长质量/增长持续性证据"",""_score_quality"":""证据不足，分数仅供诊断"",""_status"":""insufficient_evidence""}",3.7,False,False,1.5,增长趋势与同行数据,5.9,最新同口径经营现金流同比下降,6.4,多年盈利稳定性数据,0.0,价格/10年中性终局3.6倍,7.3,行业营收与利润数据,0.0,乐观上沿透支25年,"{""_4f_formula"":""opt_upper_v1"",""_applicable"":""yes"",""_decision_missing_dimensions"":[],""_evidence"":""complete"",""_score_quality"":""完整证据评分"",""_status"":""not_triggered""}",5.4,False,False,7.0,大宗行业/毛利/利润周期,1.7,PB89%/2.26;冷1;毛2,9.0,资产负债表稳健4项,6.0,历史利润振幅8.8倍,1.0,10年均利PE45.4倍,"{""_applicable"":""yes"",""_decision_missing_dimensions"":[],""_evidence"":""complete"",""_score_quality"":""完整证据评分"",""_status"":""observe""}",0.0,False,False,0.0,平稳产业反转型市值超过100亿元,0.0,平稳产业反转型市值超过100亿元,0.0,平稳产业反转型市值超过100亿元,0.0,平稳产业反转型市值超过100亿元,0.0,平稳产业反转型市值超过100亿元,"{""_applicable"":""no"",""_decision_missing_dimensions"":[],""_evidence"":""complete"",""_scope"":""平稳产业反转型市值超过100亿元"",""_score_quality"":""模型不适用，0分不是结论"",""_status"":""not_applicable""}",5.5,False,False,5.505,长期质量回报55.05,5.52,产业质量估值55.20,5.366,商业安全53.66；边际11.5,"{""_applicable"":""yes"",""_condition"":""补全全部缺失证据后仍至少一套不超过70"",""_decision_missing_dimensions"":[""7a"",""7c""],""_evidence"":""incomplete"",""_missing"":""核心必需子项不完整或覆盖不足80%"",""_status"":""not_triggered""}",有效,,,卖出区,18.56,3.966150275827489,6.569434531047065,-479.55,0.0982,480853600.56179994,"{""neutral"":{""current_period_growth_cap_basis"":""current_period_weakening"",""forecast_years"":5,""growth"":0.0,""growth_evidence"":""historical_cagr_and_trend"",""margin_retention"":0.6,""structural_decline_evidence"":null,""terminal_g"":0.01,""wacc_base"":0.0982301474131761},""optimistic"":{""current_period_growth_cap_basis"":""current_period_weakening"",""forecast_years"":5,""growth"":0.1,""growth_evidence"":""historical_cagr_and_trend"",""margin_retention"":0.85,""structural_decline_evidence"":null,""terminal_g"":0.02,""wacc_base"":0.09323014741317609},""pessimistic"":{""current_period_growth_cap_basis"":""current_period_weakening"",""forecast_years"":5,""growth"":-0.15,""growth_evidence"":""historical_cagr_and_trend"",""margin_retention"":0.4,""structural_decline_evidence"":null,""terminal_g"":0.0,""wacc_base"":0.10823014741317609}}",3.129912093126566,3.2024764325630315,4.729824119091947,5.022958838278485,8.115910223815645,9.029329190575181
002555,三七互娱,MEDIA,无触发（不买）,7️⃣ 优质股权型,5.3,,True,_condition 4.53分:补全全部缺失证据后仍至少一套不超过70；7b 4.53分:产业质量估值45.32；7a 5.29分:长期质量回报52.85,4.2,False,True,1.5,远离买入区352%,7.0,五项满分3项,5.3,FCF5.8%;末31.32亿,1.9,最新同口径经营现金流降幅≥20%,"{""_applicable"":""yes"",""_condition"":""须进入模型买入区"",""_decision_missing_dimensions"":[],""_evidence"":""complete"",""_score_quality"":""完整证据评分"",""_status"":""vetoed"",""_veto"":""买入区深度不足""}",4.0,False,True,3.5,产业聚合增速2.5%,4.0,最新同口径经营现金流明显下滑,7.1,量价冷度;60日-11.6%…,1.0,归母利润趋势PEG4.6,"{""_applicable"":""yes"",""_condition"":""估值须合理或满足强周期修正"",""_coverage"":""公司3年连续财务数据;盈利趋势PEG"",""_decision_missing_dimensions"":[],""_evidence"":""complete"",""_score_quality"":""完整证据评分"",""_status"":""vetoed"",""_veto"":""产业与公司热度平均须>4""}",0.0,False,False,0.0,趋势增速不足10%,0.0,趋势增速不足10%,0.0,趋势增速不足10%,0.0,趋势增速不足10%,0.0,趋势增速不足10%,"{""_applicable"":""no"",""_decision_missing_dimensions"":[],""_evidence"":""complete"",""_scope"":""趋势增速不足10%"",""_score_quality"":""模型不适用，0分不是结论"",""_status"":""not_applicable""}",3.7,False,False,1.5,增长趋势与同行数据,4.0,最新同口径经营现金流降幅≥20%,8.3,多年盈利稳定性数据,0.0,价格/10年中性终局3.3倍,8.5,行业营收与利润数据,0.0,乐观上沿透支30年+,"{""_4f_formula"":""opt_upper_v1"",""_applicable"":""yes"",""_decision_missing_dimensions"":[],""_evidence"":""complete"",""_score_quality"":""完整证据评分"",""_status"":""not_triggered""}",0.0,False,False,0.0,非强周期标的，适用其他框架,0.0,非强周期标的，适用其他框架,0.0,非强周期标的，适用其他框架,0.0,非强周期标的，适用其他框架,0.0,非强周期标的，适用其他框架,"{""_applicable"":""no"",""_decision_missing_dimensions"":[],""_evidence"":""complete"",""_scope"":""非强周期标的，适用其他框架"",""_score_quality"":""模型不适用，0分不是结论"",""_status"":""not_applicable""}",0.0,False,False,0.0,平稳产业反转型市值超过100亿元,0.0,平稳产业反转型市值超过100亿元,0.0,平稳产业反转型市值超过100亿元,0.0,平稳产业反转型市值超过100亿元,0.0,平稳产业反转型市值超过100亿元,"{""_applicable"":""no"",""_decision_missing_dimensions"":[],""_evidence"":""complete"",""_scope"":""平稳产业反转型市值超过100亿元"",""_score_quality"":""模型不适用，0分不是结论"",""_status"":""not_applicable""}",5.3,False,False,5.285,长期质量回报52.85,4.532,产业质量估值45.32,6.131,商业安全61.31；边际9.8,"{""_applicable"":""yes"",""_condition"":""补全全部缺失证据后仍至少一套不超过70"",""_decision_missing_dimensions"":[""7a"",""7b"",""7c""],""_evidence"":""incomplete"",""_missing"":""核心必需子项不完整或覆盖不足80%"",""_status"":""not_triggered""}",有效,,,卖出区,18.16,4.02115863789467,7.544162232581535,-470.34,0.1281,2316421200.9405003,"{""neutral"":{""current_period_growth_cap_basis"":""current_period_material_deterioration"",""forecast_years"":5,""growth"":-0.05,""growth_evidence"":""historical_cagr_and_trend"",""margin_retention"":0.6,""structural_decline_evidence"":null,""terminal_g"":0.01,""wacc_base"":0.12814510278898417},""optimistic"":{""current_period_growth_cap_basis"":""current_period_material_deterioration"",""forecast_years"":5,""growth"":0.05,""growth_evidence"":""historical_cagr_and_trend"",""margin_retention"":0.85,""structural_decline_evidence"":null,""terminal_g"":0.02,""wacc_base"":0.12314510278898416},""pessimistic"":{""current_period_growth_cap_basis"":""current_period_material_deterioration"",""forecast_years"":5,""growth"":-0.1,""growth_evidence"":""historical_cagr_and_trend"",""margin_retention"":0.4,""structural_decline_evidence"":null,""terminal_g"":0.0,""wacc_base"":0.13814510278898418}}",3.034658249937733,3.1840796013979635,4.858237674391376,5.209953170013669,9.878371295149401,10.86897715418162
002607,中公教育,TOURISM_EDU,无触发（不买）,7️⃣ 优质股权型,3.7,,False,_condition 3.72分:补全全部缺失证据后仍至少一套不超过70；7a 3.72分:长期质量回报37.18；7c 3.72分:商业安全37.19；边际7.3,0.0,False,False,0.0,当前经济条件不适用估值,0.0,当前经济条件不适用估值,0.0,当前经济条件不适用估值,0.0,当前经济条件不适用估值,"{""_applicable"":""no"",""_decision_missing_dimensions"":[],""_evidence"":""complete"",""_scope"":""当前经济条件不适用估值"",""_score_quality"":""模型不适用，0分不是结论"",""_status"":""not_applicable""}",3.2,False,True,1.78,产业聚合增速-1.8%,2.0,年度利润暴跌,8.0,量价冷度;60日-30.4%…,1.0,当前PB/行业5.5倍,"{""_applicable"":""yes"",""_condition"":""估值须合理或满足强周期修正"",""_coverage"":""公司3年连续财务数据;同行市净率"",""_decision_missing_dimensions"":[],""_evidence"":""complete"",""_score_quality"":""完整证据评分"",""_status"":""vetoed"",""_veto"":""产业与公司热度平均须>4""}",0.0,False,False,0.0,趋势增速不足10%,0.0,趋势增速不足10%,0.0,趋势增速不足10%,0.0,趋势增速不足10%,0.0,趋势增速不足10%,"{""_applicable"":""no"",""_decision_missing_dimensions"":[],""_evidence"":""complete"",""_scope"":""趋势增速不足10%"",""_score_quality"":""模型不适用，0分不是结论"",""_status"":""not_applicable""}",0.0,False,False,0.0,当前经济条件不适用估值,0.0,当前经济条件不适用估值,0.0,当前经济条件不适用估值,0.0,当前经济条件不适用估值,0.0,当前经济条件不适用估值,0.0,当前经济条件不适用估值,"{""_applicable"":""no"",""_decision_missing_dimensions"":[],""_evidence"":""complete"",""_scope"":""当前经济条件不适用估值"",""_score_quality"":""模型不适用，0分不是结论"",""_status"":""not_applicable""}",0.0,False,False,0.0,非强周期标的，适用其他框架,0.0,非强周期标的，适用其他框架,0.0,非强周期标的，适用其他框架,0.0,非强周期标的，适用其他框架,0.0,非强周期标的，适用其他框架,"{""_applicable"":""no"",""_decision_missing_dimensions"":[],""_evidence"":""complete"",""_scope"":""非强周期标的，适用其他框架"",""_score_quality"":""模型不适用，0分不是结论"",""_status"":""not_applicable""}",0.0,False,False,0.0,平稳产业反转型市值超过100亿元,0.0,平稳产业反转型市值超过100亿元,0.0,平稳产业反转型市值超过100亿元,0.0,平稳产业反转型市值超过100亿元,0.0,平稳产业反转型市值超过100亿元,"{""_applicable"":""no"",""_decision_missing_dimensions"":[],""_evidence"":""complete"",""_scope"":""平稳产业反转型市值超过100亿元"",""_score_quality"":""模型不适用，0分不是结论"",""_status"":""not_applicable""}",3.7,False,False,3.718,长期质量回报37.18,3.793,产业质量估值37.93,3.719,商业安全37.19；边际7.3,"{""_applicable"":""yes"",""_condition"":""补全全部缺失证据后仍至少一套不超过70"",""_decision_missing_dimensions"":[""7a"",""7b"",""7c""],""_evidence"":""incomplete"",""_missing"":""核心必需子项不完整或覆盖不足80%"",""_status"":""not_triggered""}",跳过,economic_not_applicable,mixed_profit_cycle_unsupported_by_fcff,,,,,,,,{},,,,,,
002661,克明食品,FOOD_BEV,无触发（不买）,2️⃣ 两热一冷,4.8,,False,_veto 1.84分:产业与公司热度平均须>4；2a 1.84分:产业聚合增速-1.3%；2b 2.0分:最新同口径利润恶化,0.0,False,False,0.0,当前经济条件不适用估值,0.0,当前经济条件不适用估值,0.0,当前经济条件不适用估值,0.0,当前经济条件不适用估值,"{""_applicable"":""no"",""_decision_missing_dimensions"":[],""_evidence"":""complete"",""_scope"":""当前经济条件不适用估值"",""_score_quality"":""模型不适用，0分不是结论"",""_status"":""not_applicable""}",4.8,False,True,1.84,产业聚合增速-1.3%,2.0,最新同口径利润恶化,7.8,量价冷度;60日-21.1%…,8.74,当前PB/行业0.5倍,"{""_applicable"":""yes"",""_coverage"":""公司3年连续财务数据;同行市净率"",""_decision_missing_dimensions"":[],""_evidence"":""complete"",""_score_quality"":""完整证据评分"",""_status"":""vetoed"",""_veto"":""产业与公司热度平均须>4""}",0.0,False,False,0.0,趋势增速不足10%,0.0,趋势增速不足10%,0.0,趋势增速不足10%,0.0,趋势增速不足10%,0.0,趋势增速不足10%,"{""_applicable"":""no"",""_decision_missing_dimensions"":[],""_evidence"":""complete"",""_scope"":""趋势增速不足10%"",""_score_quality"":""模型不适用，0分不是结论"",""_status"":""not_applicable""}",0.0,False,False,0.0,当前经济条件不适用估值,0.0,当前经济条件不适用估值,0.0,当前经济条件不适用估值,0.0,当前经济条件不适用估值,0.0,当前经济条件不适用估值,0.0,当前经济条件不适用估值,"{""_applicable"":""no"",""_decision_missing_dimensions"":[],""_evidence"":""complete"",""_scope"":""当前经济条件不适用估值"",""_score_quality"":""模型不适用，0分不是结论"",""_status"":""not_applicable""}",0.0,False,False,0.0,非强周期标的，适用其他框架,0.0,非强周期标的，适用其他框架,0.0,非强周期标的，适用其他框架,0.0,非强周期标的，适用其他框架,0.0,非强周期标的，适用其他框架,"{""_applicable"":""no"",""_decision_missing_dimensions"":[],""_evidence"":""complete"",""_scope"":""非强周期标的，适用其他框架"",""_score_quality"":""模型不适用，0分不是结论"",""_status"":""not_applicable""}",3.5,False,True,1.0,产业增速-1.3%,1.9,研发与经营数据,7.0,经营效率与现金流数据,2.0,最新同口径利润降幅≥50%,9.0,"建议单票≤3%,组合≤15%","{""_applicable"":""yes"",""_condition"":""须确认实际仓位符合建议上限"",""_decision_missing_dimensions"":[],""_evidence"":""complete"",""_profile"":""平稳产业反转型"",""_risk"":""最坏归零时组合最大损失≤3%"",""_score_quality"":""完整证据评分"",""_status"":""vetoed"",""_veto"":""仅1项核心证据≥5""}",3.6,False,False,3.77,长期质量回报37.70,3.184,产业质量估值31.84,3.7,商业安全37.00；边际6.2,"{""_applicable"":""yes"",""_condition"":""补全全部缺失证据后仍至少一套不超过70"",""_decision_missing_dimensions"":[""7a"",""7b"",""7c""],""_evidence"":""incomplete"",""_missing"":""核心必需子项不完整或覆盖不足80%"",""_status"":""not_triggered""}",跳过,economic_not_applicable,mixed_profit_cycle_unsupported_by_fcff,,,,,,,,{},,,,,,
002805,丰元股份,NEW_ENERGY_VEH,无触发（不买）,6️⃣ 高风险早期/困境型,4.7,,False,_condition 1.0分:须确认实际仓位符合建议上限；6a 1.0分:产业增速-4.5%；6d 5.0分:最新同口径利润改善,0.0,False,False,0.0,当前经济条件不适用估值,0.0,当前经济条件不适用估值,0.0,当前经济条件不适用估值,0.0,当前经济条件不适用估值,"{""_applicable"":""no"",""_decision_missing_dimensions"":[],""_evidence"":""complete"",""_scope"":""当前经济条件不适用估值"",""_score_quality"":""模型不适用，0分不是结论"",""_status"":""not_applicable""}",3.3,False,True,1.44,产业聚合增速-4.5%,4.0,年度利润明显下滑,5.8,量价冷度;60日-10.0%…,1.59,当前PB/行业2.4倍,"{""_applicable"":""yes"",""_condition"":""估值须合理或满足强周期修正"",""_coverage"":""公司3年连续财务数据;同行市净率"",""_decision_missing_dimensions"":[],""_evidence"":""complete"",""_score_quality"":""完整证据评分"",""_status"":""vetoed"",""_veto"":""产业与公司热度平均须>4""}",0.0,False,False,0.0,趋势增速不足10%,0.0,趋势增速不足10%,0.0,趋势增速不足10%,0.0,趋势增速不足10%,0.0,趋势增速不足10%,"{""_applicable"":""no"",""_decision_missing_dimensions"":[],""_evidence"":""complete"",""_scope"":""趋势增速不足10%"",""_score_quality"":""模型不适用，0分不是结论"",""_status"":""not_applicable""}",0.0,False,False,0.0,当前经济条件不适用估值,0.0,当前经济条件不适用估值,0.0,当前经济条件不适用估值,0.0,当前经济条件不适用估值,0.0,当前经济条件不适用估值,0.0,当前经济条件不适用估值,"{""_applicable"":""no"",""_decision_missing_dimensions"":[],""_evidence"":""complete"",""_scope"":""当前经济条件不适用估值"",""_score_quality"":""模型不适用，0分不是结论"",""_status"":""not_applicable""}",0.0,False,False,0.0,非强周期标的，适用其他框架,0.0,非强周期标的，适用其他框架,0.0,非强周期标的，适用其他框架,0.0,非强周期标的，适用其他框架,0.0,非强周期标的，适用其他框架,"{""_applicable"":""no"",""_decision_missing_dimensions"":[],""_evidence"":""complete"",""_scope"":""非强周期标的，适用其他框架"",""_score_quality"":""模型不适用，0分不是结论"",""_status"":""not_applicable""}",4.7,False,False,1.0,产业增速-4.5%,5.5,研发与经营数据,5.0,经营效率与现金流数据,5.0,最新同口径利润改善,9.0,"建议单票≤3%,组合≤15%","{""_applicable"":""yes"",""_condition"":""须确认实际仓位符合建议上限"",""_decision_missing_dimensions"":[],""_evidence"":""complete"",""_profile"":""平稳产业反转型"",""_risk"":""最坏归零时组合最大损失≤3%"",""_score_quality"":""完整证据评分"",""_status"":""not_triggered""}",2.7,False,False,2.725,长期质量回报27.25,2.946,产业质量估值29.46,2.415,商业安全24.15；边际5.2,"{""_applicable"":""yes"",""_condition"":""补全全部缺失证据后仍至少一套不超过70"",""_decision_missing_dimensions"":[""7a"",""7b"",""7c""],""_evidence"":""incomplete"",""_missing"":""核心必需子项不完整或覆盖不足80%"",""_status"":""not_triggered""}",跳过,economic_not_applicable,ttm_fcff_nonpositive,,,,,,,,{},,,,,,
002849,威星智能,INDUST_MACHINERY,无触发（不买）,6️⃣ 高风险早期/困境型,6.1,,True,_condition 4.0分:须确认实际仓位符合建议上限；6d 4.0分:最新同口径利润同比下降；6b 4.7分:研发与经营数据,4.7,False,True,1.5,远离买入区287%,10.0,五项满分5项,3.1,FCF3.1%;末1.12亿,1.0,最新报告期经营现金流为负,"{""_applicable"":""yes"",""_condition"":""须进入模型买入区"",""_decision_missing_dimensions"":[],""_evidence"":""complete"",""_score_quality"":""完整证据评分"",""_status"":""vetoed"",""_veto"":""买入区深度不足""}",5.6,False,False,6.01,产业聚合增速8.5%,6.0,"最新同口径利润下滑,拐点封顶",7.5,量价冷度;60日-23.8%…,2.07,归母利润趋势PEG3.2,"{""_applicable"":""yes"",""_condition"":""估值须合理或满足强周期修正"",""_coverage"":""公司3年连续财务数据;盈利趋势PEG"",""_decision_missing_dimensions"":[],""_evidence"":""complete"",""_score_quality"":""完整证据评分"",""_status"":""observe""}",3.9,False,False,4.8,盈利能力与同行数据,2.0,最新报告期经营现金流为负,1.5,投入回报率减资金成本=-8.9%,5.0,弱代理2.0分:最新报告期经营现金流为负,7.5,行业与估值数据,"{""_applicable"":""yes"",""_decision_missing_dimensions"":[""3b"",""3d""],""_evidence"":""incomplete"",""_missing"":""缺增长质量/增长持续性证据"",""_score_quality"":""证据不足，分数仅供诊断"",""_status"":""insufficient_evidence""}",2.7,False,False,1.5,增长趋势与同行数据,2.0,最新报告期经营现金流为负,6.0,多年盈利稳定性数据,0.0,价格/10年中性终局3.4倍,8.2,行业营收与利润数据,0.0,乐观上沿透支30年+,"{""_4f_formula"":""opt_upper_v1"",""_applicable"":""yes"",""_decision_missing_dimensions"":[],""_evidence"":""complete"",""_score_quality"":""完整证据评分"",""_status"":""not_triggered""}",0.0,False,False,0.0,非强周期标的，适用其他框架,0.0,非强周期标的，适用其他框架,0.0,非强周期标的，适用其他框架,0.0,非强周期标的，适用其他框架,0.0,非强周期标的，适用其他框架,"{""_applicable"":""no"",""_decision_missing_dimensions"":[],""_evidence"":""complete"",""_scope"":""非强周期标的，适用其他框架"",""_score_quality"":""模型不适用，0分不是结论"",""_status"":""not_applicable""}",6.1,False,False,6.0,产业增速8.5%,4.7,研发与经营数据,8.0,经营效率与现金流数据,4.0,最新同口径利润同比下降,10.0,"建议单票≤1%,组合≤8%","{""_applicable"":""yes"",""_condition"":""须确认实际仓位符合建议上限"",""_decision_missing_dimensions"":[],""_evidence"":""complete"",""_profile"":""高景气技术型"",""_risk"":""最坏归零时组合最大损失≤1%"",""_score_quality"":""完整证据评分"",""_status"":""observe""}",4.7,False,False,5.023,长期质量回报50.23,4.438,产业质量估值44.38,4.554,商业安全45.54；边际8.0,"{""_applicable"":""yes"",""_condition"":""补全全部缺失证据后仍至少一套不超过70"",""_decision_missing_dimensions"":[""7a"",""7b"",""7c""],""_evidence"":""incomplete"",""_missing"":""核心必需子项不完整或覆盖不足80%"",""_status"":""not_triggered""}",有效,,,卖出区,13.25,3.4205563905452685,4.4083584819976425,-323.79,0.1365,91566095.42000002,"{""neutral"":{""current_period_growth_cap_basis"":""missing_current_period_conservative_cap"",""forecast_years"":5,""growth"":-0.1,""growth_evidence"":""historical_cagr_and_trend"",""margin_retention"":0.6,""structural_decline_evidence"":null,""terminal_g"":0.01,""wacc_base"":0.13646896317256865},""optimistic"":{""current_period_growth_cap_basis"":""missing_current_period_conservative_cap"",""forecast_years"":5,""growth"":0.0,""growth_evidence"":""historical_cagr_and_trend"",""margin_retention"":0.85,""structural_decline_evidence"":null,""terminal_g"":0.02,""wacc_base"":0.13146896317256865},""pessimistic"":{""current_period_growth_cap_basis"":""missing_current_period_conservative_cap"",""forecast_years"":5,""growth"":-0.2,""growth_evidence"":""historical_cagr_and_trend"",""margin_retention"":0.4,""structural_decline_evidence"":null,""terminal_g"":0.0,""wacc_base"":0.14646896317256866}}",3.0730136282017155,3.126519331482841,3.7145934496076967,3.830977017349142,4.985739946646143,5.251480354790356
002865,钧达股份,NEW_ENERGY_VEH,无触发（不买）,2️⃣ 两热一冷,3.7,,False,_veto 1.47分:产业与公司热度平均须>4；_condition 1.47分:估值须合理或满足强周期修正；2a 1.47分:产业聚合增速-4.3%,0.0,False,False,0.0,当前经济条件不适用估值,0.0,当前经济条件不适用估值,0.0,当前经济条件不适用估值,0.0,当前经济条件不适用估值,"{""_applicable"":""no"",""_decision_missing_dimensions"":[],""_evidence"":""complete"",""_scope"":""当前经济条件不适用估值"",""_score_quality"":""模型不适用，0分不是结论"",""_status"":""not_applicable""}",3.7,False,True,1.47,产业聚合增速-4.3%,2.0,拐点1项:最新同口径利润增,7.9,量价冷度;60日-44.7%…,3.79,当前PB/行业1.6倍,"{""_applicable"":""yes"",""_condition"":""估值须合理或满足强周期修正"",""_coverage"":""公司3年连续财务数据;同行市净率"",""_decision_missing_dimensions"":[],""_evidence"":""complete"",""_score_quality"":""完整证据评分"",""_status"":""vetoed"",""_veto"":""产业与公司热度平均须>4""}",0.0,False,False,0.0,趋势增速不足10%,0.0,趋势增速不足10%,0.0,趋势增速不足10%,0.0,趋势增速不足10%,0.0,趋势增速不足10%,"{""_applicable"":""no"",""_decision_missing_dimensions"":[],""_evidence"":""complete"",""_scope"":""趋势增速不足10%"",""_score_quality"":""模型不适用，0分不是结论"",""_status"":""not_applicable""}",0.0,False,False,0.0,当前经济条件不适用估值,0.0,当前经济条件不适用估值,0.0,当前经济条件不适用估值,0.0,当前经济条件不适用估值,0.0,当前经济条件不适用估值,0.0,当前经济条件不适用估值,"{""_applicable"":""no"",""_decision_missing_dimensions"":[],""_evidence"":""complete"",""_scope"":""当前经济条件不适用估值"",""_score_quality"":""模型不适用，0分不是结论"",""_status"":""not_applicable""}",0.0,False,False,0.0,非强周期标的，适用其他框架,0.0,非强周期标的，适用其他框架,0.0,非强周期标的，适用其他框架,0.0,非强周期标的，适用其他框架,0.0,非强周期标的，适用其他框架,"{""_applicable"":""no"",""_decision_missing_dimensions"":[],""_evidence"":""complete"",""_scope"":""非强周期标的，适用其他框架"",""_score_quality"":""模型不适用，0分不是结论"",""_status"":""not_applicable""}",0.0,False,False,0.0,平稳产业反转型市值超过100亿元,0.0,平稳产业反转型市值超过100亿元,0.0,平稳产业反转型市值超过100亿元,0.0,平稳产业反转型市值超过100亿元,0.0,平稳产业反转型市值超过100亿元,"{""_applicable"":""no"",""_decision_missing_dimensions"":[],""_evidence"":""complete"",""_scope"":""平稳产业反转型市值超过100亿元"",""_score_quality"":""模型不适用，0分不是结论"",""_status"":""not_applicable""}",2.5,False,False,2.518,长期质量回报25.18,2.171,产业质量估值21.71,2.716,商业安全27.16；边际5.6,"{""_applicable"":""yes"",""_condition"":""补全全部缺失证据后仍至少一套不超过70"",""_decision_missing_dimensions"":[""7a"",""7b"",""7c""],""_evidence"":""incomplete"",""_missing"":""核心必需子项不完整或覆盖不足80%"",""_status"":""not_triggered""}",跳过,economic_not_applicable,ttm_fcff_nonpositive,,,,,,,,{},,,,,,
002876,三利谱,ELEC_COMPONENT,无触发（不买）,2️⃣ 两热一冷,6.3,,False,2b 4.0分:年度利润明显下滑；2c 5.9分:量价冷度;60日-12.6%…；2a 7.5分:产业聚合增速16.3%,0.0,False,False,0.0,当前经济条件不适用估值,0.0,当前经济条件不适用估值,0.0,当前经济条件不适用估值,0.0,当前经济条件不适用估值,"{""_applicable"":""no"",""_decision_missing_dimensions"":[],""_evidence"":""complete"",""_scope"":""当前经济条件不适用估值"",""_score_quality"":""模型不适用，0分不是结论"",""_status"":""not_applicable""}",6.3,False,False,7.5,产业聚合增速16.3%,4.0,年度利润明显下滑,5.9,量价冷度;60日-12.6%…,8.99,当前PB/行业0.5倍,"{""_applicable"":""yes"",""_coverage"":""公司3年连续财务数据;同行市净率"",""_decision_missing_dimensions"":[],""_evidence"":""complete"",""_score_quality"":""完整证据评分"",""_status"":""observe""}",3.4,False,False,3.3,盈利能力与同行数据,2.0,最新报告期经营现金流为负,1.5,投入回报率减资金成本=-13.1%,5.0,弱代理2.0分:最新报告期经营现金流为负,5.9,行业与估值数据,"{""_applicable"":""yes"",""_decision_missing_dimensions"":[""3b"",""3d""],""_evidence"":""incomplete"",""_missing"":""缺增长质量/增长持续性证据"",""_score_quality"":""证据不足，分数仅供诊断"",""_status"":""insufficient_evidence""}",0.0,False,False,0.0,当前经济条件不适用估值,0.0,当前经济条件不适用估值,0.0,当前经济条件不适用估值,0.0,当前经济条件不适用估值,0.0,当前经济条件不适用估值,0.0,当前经济条件不适用估值,"{""_applicable"":""no"",""_decision_missing_dimensions"":[],""_evidence"":""complete"",""_scope"":""当前经济条件不适用估值"",""_score_quality"":""模型不适用，0分不是结论"",""_status"":""not_applicable""}",0.0,False,False,0.0,非强周期标的，适用其他框架,0.0,非强周期标的，适用其他框架,0.0,非强周期标的，适用其他框架,0.0,非强周期标的，适用其他框架,0.0,非强周期标的，适用其他框架,"{""_applicable"":""no"",""_decision_missing_dimensions"":[],""_evidence"":""complete"",""_scope"":""非强周期标的，适用其他框架"",""_score_quality"":""模型不适用，0分不是结论"",""_status"":""not_applicable""}",5.9,False,False,6.0,产业增速16.3%,5.2,研发与经营数据,7.1,经营效率与现金流数据,3.0,最新经营现金流仍负但改善,10.0,"建议单票≤1%,组合≤8%","{""_applicable"":""yes"",""_condition"":""须确认实际仓位符合建议上限"",""_decision_missing_dimensions"":[],""_evidence"":""complete"",""_profile"":""高景气技术型"",""_risk"":""最坏归零时组合最大损失≤1%"",""_score_quality"":""完整证据评分"",""_status"":""observe""}",4.3,False,False,4.541,长期质量回报45.41,4.117,产业质量估值41.17,4.132,商业安全41.32；边际5.9,"{""_applicable"":""yes"",""_condition"":""补全全部缺失证据后仍至少一套不超过70"",""_decision_missing_dimensions"":[""7a"",""7b"",""7c""],""_evidence"":""incomplete"",""_missing"":""核心必需子项不完整或覆盖不足80%"",""_status"":""not_triggered""}",跳过,economic_not_applicable,ttm_fcff_nonpositive_normalised,,,,,,,,{},,,,,,
002897,意华股份,NEW_ENERGY_VEH,无触发（不买）,2️⃣ 两热一冷,4.8,,False,_veto 1.44分:产业与公司热度平均须>4；2a 1.44分:产业聚合增速-4.5%；2b 4.0分:最新同口径利润明显下滑,0.0,False,False,0.0,当前经济条件不适用估值,0.0,当前经济条件不适用估值,0.0,当前经济条件不适用估值,0.0,当前经济条件不适用估值,"{""_applicable"":""no"",""_decision_missing_dimensions"":[],""_evidence"":""complete"",""_scope"":""当前经济条件不适用估值"",""_score_quality"":""模型不适用，0分不是结论"",""_status"":""not_applicable""}",4.8,False,True,1.44,产业聚合增速-4.5%,4.0,最新同口径利润明显下滑,5.6,量价冷度;60日-10.9%…,9.18,归母利润趋势PEG0.7,"{""_applicable"":""yes"",""_coverage"":""公司3年连续财务数据;盈利趋势PEG"",""_decision_missing_dimensions"":[],""_evidence"":""complete"",""_score_quality"":""完整证据评分"",""_status"":""vetoed"",""_veto"":""产业与公司热度平均须>4""}",3.5,False,False,3.8,盈利能力与同行数据,3.0,最新同口径利润降幅≥20%,1.5,投入回报率减资金成本=-3.8%,5.0,弱代理4.0分:最新同口径利润降幅≥2…,4.0,行业与估值数据,"{""_applicable"":""yes"",""_decision_missing_dimensions"":[""3b"",""3d""],""_evidence"":""incomplete"",""_missing"":""缺增长质量/增长持续性证据"",""_score_quality"":""证据不足，分数仅供诊断"",""_status"":""insufficient_evidence""}",0.0,False,False,0.0,当前经济条件不适用估值,0.0,当前经济条件不适用估值,0.0,当前经济条件不适用估值,0.0,当前经济条件不适用估值,0.0,当前经济条件不适用估值,0.0,当前经济条件不适用估值,"{""_applicable"":""no"",""_decision_missing_dimensions"":[],""_evidence"":""complete"",""_scope"":""当前经济条件不适用估值"",""_score_quality"":""模型不适用，0分不是结论"",""_status"":""not_applicable""}",0.0,False,False,0.0,非强周期标的，适用其他框架,0.0,非强周期标的，适用其他框架,0.0,非强周期标的，适用其他框架,0.0,非强周期标的，适用其他框架,0.0,非强周期标的，适用其他框架,"{""_applicable"":""no"",""_decision_missing_dimensions"":[],""_evidence"":""complete"",""_scope"":""非强周期标的，适用其他框架"",""_score_quality"":""模型不适用，0分不是结论"",""_status"":""not_applicable""}",0.0,False,False,0.0,平稳产业反转型市值超过100亿元,0.0,平稳产业反转型市值超过100亿元,0.0,平稳产业反转型市值超过100亿元,0.0,平稳产业反转型市值超过100亿元,0.0,平稳产业反转型市值超过100亿元,"{""_applicable"":""no"",""_decision_missing_dimensions"":[],""_evidence"":""complete"",""_scope"":""平稳产业反转型市值超过100亿元"",""_score_quality"":""模型不适用，0分不是结论"",""_status"":""not_applicable""}",4.0,False,False,4.377,长期质量回报43.77,3.765,产业质量估值37.65,3.881,商业安全38.81；边际6.3,"{""_applicable"":""yes"",""_condition"":""补全全部缺失证据后仍至少一套不超过70"",""_decision_missing_dimensions"":[""7a"",""7b"",""7c""],""_evidence"":""incomplete"",""_missing"":""核心必需子项不完整或覆盖不足80%"",""_status"":""not_triggered""}",跳过,economic_not_applicable,ttm_fcff_nonpositive,,,,,,,,{},,,,,,
002915,中欣氟材,CHEMICAL,无触发（不买）,6️⃣ 高风险早期/困境型,4.6,,False,_veto 2.0分:仅1项核心证据≥5；_condition 2.0分:须确认实际仓位符合建议上限；6d 2.0分:最新同口径利润转负,0.0,False,False,0.0,当前经济条件不适用估值,0.0,当前经济条件不适用估值,0.0,当前经济条件不适用估值,0.0,当前经济条件不适用估值,"{""_applicable"":""no"",""_decision_missing_dimensions"":[],""_evidence"":""complete"",""_scope"":""当前经济条件不适用估值"",""_score_quality"":""模型不适用，0分不是结论"",""_status"":""not_applicable""}",3.8,False,True,2.81,产业聚合增速1.3%,2.0,最新同口径利润恶化,7.7,量价冷度;60日-20.3%…,3.11,当前PB/行业1.7倍,"{""_applicable"":""yes"",""_condition"":""估值须合理或满足强周期修正"",""_coverage"":""公司3年连续财务数据;同行市净率"",""_decision_missing_dimensions"":[],""_evidence"":""complete"",""_score_quality"":""完整证据评分"",""_status"":""vetoed"",""_veto"":""产业与公司热度平均须>4""}",0.0,False,False,0.0,趋势增速不足10%,0.0,趋势增速不足10%,0.0,趋势增速不足10%,0.0,趋势增速不足10%,0.0,趋势增速不足10%,"{""_applicable"":""no"",""_decision_missing_dimensions"":[],""_evidence"":""complete"",""_scope"":""趋势增速不足10%"",""_score_quality"":""模型不适用，0分不是结论"",""_status"":""not_applicable""}",0.0,False,False,0.0,当前经济条件不适用估值,0.0,当前经济条件不适用估值,0.0,当前经济条件不适用估值,0.0,当前经济条件不适用估值,0.0,当前经济条件不适用估值,0.0,当前经济条件不适用估值,"{""_applicable"":""no"",""_decision_missing_dimensions"":[],""_evidence"":""complete"",""_scope"":""当前经济条件不适用估值"",""_score_quality"":""模型不适用，0分不是结论"",""_status"":""not_applicable""}",4.8,False,False,7.0,大宗行业/毛利/利润周期,5.0,缺PB历史证据,2.0,资产负债表稳健0项,6.0,历史利润振幅9.8倍,1.0,10年均利PE282.1倍,"{""_applicable"":""yes"",""_decision_missing_dimensions"":[""5b""],""_evidence"":""incomplete"",""_missing"":""缺底部证据"",""_score_quality"":""证据不足，分数仅供诊断"",""_status"":""insufficient_evidence""}",4.6,False,True,3.0,产业增速1.3%,4.4,研发与经营数据,7.3,经营效率与现金流数据,2.0,最新同口径利润转负,9.0,"建议单票≤3%,组合≤15%","{""_applicable"":""yes"",""_condition"":""须确认实际仓位符合建议上限"",""_decision_missing_dimensions"":[],""_evidence"":""complete"",""_profile"":""平稳产业反转型"",""_risk"":""最坏归零时组合最大损失≤3%"",""_score_quality"":""完整证据评分"",""_status"":""vetoed"",""_veto"":""仅1项核心证据≥5""}",3.1,False,False,3.22,长期质量回报32.20,3.093,产业质量估值30.93,3.022,商业安全30.22；边际3.8,"{""_applicable"":""yes"",""_condition"":""补全全部缺失证据后仍至少一套不超过70"",""_decision_missing_dimensions"":[""7a"",""7b"",""7c""],""_evidence"":""incomplete"",""_missing"":""核心必需子项不完整或覆盖不足80%"",""_status"":""not_triggered""}",跳过,economic_not_applicable,ttm_fcff_nonpositive,,,,,,,,{},,,,,,
002969,嘉美包装,LIGHT_MFG,无触发（不买）,1️⃣ 估值买入区,3.9,,True,_veto 0.7分:买入区深度不足；_condition 0.7分:须进入模型买入区；1c 0.7分:FCF1.1%;末1.24亿,3.9,False,True,1.5,远离买入区5441%,9.0,五项满分4项,0.7,FCF1.1%;末1.24亿,1.0,最新同口径经营现金流降幅≥50%,"{""_applicable"":""yes"",""_condition"":""须进入模型买入区"",""_decision_missing_dimensions"":[],""_evidence"":""complete"",""_score_quality"":""完整证据评分"",""_status"":""vetoed"",""_veto"":""买入区深度不足""}",3.8,False,True,3.1,产业聚合增速1.8%,2.0,年度利润暴跌,8.0,量价冷度;60日-52.0%…,2.12,当前PB/行业2.0倍,"{""_applicable"":""yes"",""_condition"":""估值须合理或满足强周期修正"",""_coverage"":""公司3年连续财务数据;同行市净率"",""_decision_missing_dimensions"":[],""_evidence"":""complete"",""_score_quality"":""完整证据评分"",""_status"":""vetoed"",""_veto"":""产业与公司热度平均须>4""}",0.0,False,False,0.0,趋势增速不足10%,0.0,趋势增速不足10%,0.0,趋势增速不足10%,0.0,趋势增速不足10%,0.0,趋势增速不足10%,"{""_applicable"":""no"",""_decision_missing_dimensions"":[],""_evidence"":""complete"",""_scope"":""趋势增速不足10%"",""_score_quality"":""模型不适用，0分不是结论"",""_status"":""not_applicable""}",2.3,False,False,1.5,增长趋势与同行数据,2.0,最新同口径经营现金流降幅≥50%,4.2,多年盈利稳定性数据,0.0,价格/10年中性终局28.5倍,7.7,行业营收与利润数据,0.0,乐观上沿透支30年+,"{""_4f_formula"":""opt_upper_v1"",""_applicable"":""yes"",""_decision_missing_dimensions"":[],""_evidence"":""complete"",""_score_quality"":""完整证据评分"",""_status"":""not_triggered""}",0.0,False,False,0.0,非强周期标的，适用其他框架,0.0,非强周期标的，适用其他框架,0.0,非强周期标的，适用其他框架,0.0,非强周期标的，适用其他框架,0.0,非强周期标的，适用其他框架,"{""_applicable"":""no"",""_decision_missing_dimensions"":[],""_evidence"":""complete"",""_scope"":""非强周期标的，适用其他框架"",""_score_quality"":""模型不适用，0分不是结论"",""_status"":""not_applicable""}",0.0,False,False,0.0,平稳产业反转型市值超过100亿元,0.0,平稳产业反转型市值超过100亿元,0.0,平稳产业反转型市值超过100亿元,0.0,平稳产业反转型市值超过100亿元,0.0,平稳产业反转型市值超过100亿元,"{""_applicable"":""no"",""_decision_missing_dimensions"":[],""_evidence"":""complete"",""_scope"":""平稳产业反转型市值超过100亿元"",""_score_quality"":""模型不适用，0分不是结论"",""_status"":""not_applicable""}",3.7,False,False,3.536,长期质量回报35.36,3.704,产业质量估值37.04,4.001,商业安全40.01；边际8.5,"{""_applicable"":""yes"",""_condition"":""补全全部缺失证据后仍至少一套不超过70"",""_decision_missing_dimensions"":[""7a"",""7b"",""7c""],""_evidence"":""incomplete"",""_missing"":""核心必需子项不完整或覆盖不足80%"",""_status"":""not_triggered""}",有效,,,卖出区,10.42,0.18806419945029806,0.5760171399582654,-16558.39,0.1138,124409695.21000001,"{""neutral"":{""current_period_growth_cap_basis"":""current_period_severe_deterioration"",""forecast_years"":5,""growth"":-0.1,""growth_evidence"":""historical_cagr_and_trend"",""margin_retention"":0.6,""structural_decline_evidence"":null,""terminal_g"":0.01,""wacc_base"":0.11377140423381718},""optimistic"":{""current_period_growth_cap_basis"":""current_period_severe_deterioration"",""forecast_years"":5,""growth"":0.0,""growth_evidence"":""historical_cagr_and_trend"",""margin_retention"":0.85,""structural_decline_evidence"":null,""terminal_g"":0.02,""wacc_base"":0.10877140423381718},""pessimistic"":{""current_period_growth_cap_basis"":""current_period_severe_deterioration"",""forecast_years"":5,""growth"":-0.2,""growth_evidence"":""historical_cagr_and_trend"",""margin_retention"":0.4,""structural_decline_evidence"":null,""terminal_g"":0.0,""wacc_base"":0.12377140423381718}}",0.03707096037856455,0.06255107809981278,0.3135773208007834,0.373852383645219,0.7781818962713118,0.9099942864413987
003002,壶化股份,CHEMICAL,无触发（不买）,2️⃣ 两热一冷,5.2,,True,_veto 2.81分:产业与公司热度平均须>4；2a 2.81分:产业聚合增速1.3%；2b 4.0分:最新同口径利润明显下滑,3.8,False,True,1.5,远离买入区793%,8.0,五项满分3项,1.5,FCF2.3%;末1.15亿,1.6,最新同口径利润降幅≥20%,"{""_applicable"":""yes"",""_condition"":""须进入模型买入区"",""_decision_missing_dimensions"":[],""_evidence"":""complete"",""_score_quality"":""完整证据评分"",""_status"":""vetoed"",""_veto"":""买入区深度不足""}",5.2,False,True,2.81,产业聚合增速1.3%,4.0,最新同口径利润明显下滑,8.0,量价冷度;60日-46.8%…,6.34,当前PB/行业1.0倍,"{""_applicable"":""yes"",""_coverage"":""公司3年连续财务数据;同行市净率"",""_decision_missing_dimensions"":[],""_evidence"":""complete"",""_score_quality"":""完整证据评分"",""_status"":""vetoed"",""_veto"":""产业与公司热度平均须>4""}",0.0,False,False,0.0,趋势增速不足10%,0.0,趋势增速不足10%,0.0,趋势增速不足10%,0.0,趋势增速不足10%,0.0,趋势增速不足10%,"{""_applicable"":""no"",""_decision_missing_dimensions"":[],""_evidence"":""complete"",""_scope"":""趋势增速不足10%"",""_score_quality"":""模型不适用，0分不是结论"",""_status"":""not_applicable""}",3.2,False,False,1.5,增长趋势与同行数据,4.0,最新同口径利润降幅≥20%,6.3,多年盈利稳定性数据,0.0,价格/10年中性终局6.6倍,7.6,行业营收与利润数据,0.0,乐观上沿透支30年+,"{""_4f_formula"":""opt_upper_v1"",""_applicable"":""yes"",""_decision_missing_dimensions"":[],""_evidence"":""complete"",""_score_quality"":""完整证据评分"",""_status"":""not_triggered""}",0.0,False,False,0.0,强周期属性缺毛利或盈利历史,0.0,强周期属性缺毛利或盈利历史,0.0,强周期属性缺毛利或盈利历史,0.0,强周期属性缺毛利或盈利历史,0.0,强周期属性缺毛利或盈利历史,"{""_applicable"":""yes"",""_decision_missing_dimensions"":[""5a"",""5b"",""5c"",""5d"",""5e""],""_evidence"":""incomplete"",""_missing"":""强周期属性缺毛利或盈利历史"",""_score_placeholder"":""全部子分为缺失占位"",""_score_quality"":""证据不足，分数仅供诊断"",""_status"":""insufficient_evidence""}",0.0,False,False,0.0,公司并非亏损或净利率≤5%的微利标的,0.0,公司并非亏损或净利率≤5%的微利标的,0.0,公司并非亏损或净利率≤5%的微利标的,0.0,公司并非亏损或净利率≤5%的微利标的,0.0,公司并非亏损或净利率≤5%的微利标的,"{""_applicable"":""no"",""_decision_missing_dimensions"":[],""_evidence"":""complete"",""_scope"":""公司并非亏损或净利率≤5%的微利标的"",""_score_quality"":""模型不适用，0分不是结论"",""_status"":""not_applicable""}",4.6,False,False,4.933,长期质量回报49.33,3.761,产业质量估值37.61,4.979,商业安全49.79；边际8.8,"{""_applicable"":""yes"",""_condition"":""补全全部缺失证据后仍至少一套不超过70"",""_decision_missing_dimensions"":[""7a"",""7b"",""7c""],""_evidence"":""incomplete"",""_missing"":""核心必需子项不完整或覆盖不足80%"",""_status"":""not_triggered""}",有效,,,卖出区,15.01,1.6801949216583123,3.009143000273503,-1058.83,0.1109,67950784.21000001,"{""neutral"":{""current_period_growth_cap_basis"":""current_period_material_deterioration"",""forecast_years"":5,""growth"":-0.05,""growth_evidence"":""historical_cagr_and_trend"",""margin_retention"":0.6,""structural_decline_evidence"":null,""terminal_g"":0.01,""wacc_base"":0.11092146591371078},""optimistic"":{""current_period_growth_cap_basis"":""current_period_material_deterioration"",""forecast_years"":5,""growth"":0.05,""growth_evidence"":""historical_cagr_and_trend"",""margin_retention"":0.85,""structural_decline_evidence"":null,""terminal_g"":0.02,""wacc_base"":0.10592146591371078},""pessimistic"":{""current_period_growth_cap_basis"":""current_period_material_deterioration"",""forecast_years"":5,""growth"":-0.15,""growth_evidence"":""historical_cagr_and_trend"",""margin_retention"":0.4,""structural_decline_evidence"":null,""terminal_g"":0.0,""wacc_base"":0.12092146591371078}}",1.2106513365540945,1.295271960291522,2.0651178830251027,2.261033765860176,3.7572522346868293,4.220702624188908
300032,金龙机电,ELEC_COMPONENT,无触发（不买）,2️⃣ 两热一冷,5.6,,True,2b 2.0分:最新同口径利润恶化；2d 5.43分:当前PB/行业1.1倍；2a 7.5分:产业聚合增速16.4%,2.3,False,True,1.5,远离买入区558%,4.0,五项满分1项,1.6,FCF2.4%;末7089.04万,1.0,最新同口径利润转负,"{""_applicable"":""yes"",""_condition"":""须进入模型买入区"",""_decision_missing_dimensions"":[""1b""],""_evidence"":""incomplete"",""_missing"":""缺价值陷阱证据"",""_score_quality"":""证据不足，分数仅供诊断"",""_status"":""vetoed"",""_veto"":""买入区深度不足""}",5.6,False,False,7.5,产业聚合增速16.4%,2.0,最新同口径利润恶化,8.0,量价冷度;60日-41.8%…,5.43,当前PB/行业1.1倍,"{""_applicable"":""yes"",""_coverage"":""公司3年连续财务数据;同行市净率"",""_decision_missing_dimensions"":[],""_evidence"":""complete"",""_score_quality"":""完整证据评分"",""_status"":""observe""}",0.0,False,False,0.0,趋势增速不足10%,0.0,趋势增速不足10%,0.0,趋势增速不足10%,0.0,趋势增速不足10%,0.0,趋势增速不足10%,"{""_applicable"":""no"",""_decision_missing_dimensions"":[],""_evidence"":""complete"",""_scope"":""趋势增速不足10%"",""_score_quality"":""模型不适用，0分不是结论"",""_status"":""not_applicable""}",1.9,False,True,1.5,增长趋势与同行数据,1.6,最新同口径利润转负,2.0,多年盈利稳定性数据,0.0,价格/10年中性终局5.6倍,8.5,行业营收与利润数据,0.0,乐观上沿透支30年+,"{""_4f_formula"":""opt_upper_v1"",""_applicable"":""yes"",""_decision_missing_dimensions"":[""4b""],""_evidence"":""incomplete"",""_missing"":""缺厚雪证据"",""_score_quality"":""证据不足，分数仅供诊断"",""_status"":""vetoed"",""_veto"":""持久护城河不足""}",0.0,False,False,0.0,非强周期标的，适用其他框架,0.0,非强周期标的，适用其他框架,0.0,非强周期标的，适用其他框架,0.0,非强周期标的，适用其他框架,0.0,非强周期标的，适用其他框架,"{""_applicable"":""no"",""_decision_missing_dimensions"":[],""_evidence"":""complete"",""_scope"":""非强周期标的，适用其他框架"",""_score_quality"":""模型不适用，0分不是结论"",""_status"":""not_applicable""}",4.9,False,False,6.0,产业增速16.4%,2.2,研发与经营数据,6.2,经营效率与现金流数据,2.0,最新同口径利润转负,10.0,"建议单票≤1%,组合≤8%","{""_applicable"":""yes"",""_condition"":""须确认实际仓位符合建议上限"",""_decision_missing_dimensions"":[],""_evidence"":""complete"",""_profile"":""高景气技术型"",""_risk"":""最坏归零时组合最大损失≤1%"",""_score_quality"":""完整证据评分"",""_status"":""not_triggered""}",3.3,False,False,3.337,长期质量回报33.37,3.093,产业质量估值30.93,3.342,商业安全33.42；边际6.8,"{""_applicable"":""yes"",""_condition"":""补全全部缺失证据后仍至少一套不超过70"",""_decision_missing_dimensions"":[""7a"",""7b"",""7c""],""_evidence"":""incomplete"",""_missing"":""核心必需子项不完整或覆盖不足80%"",""_status"":""not_triggered""}",有效,,,卖出区,3.3,0.5017776548585086,0.684183614063687,-651.25,0.1447,63965089.53999999,"{""neutral"":{""current_period_growth_cap_basis"":""current_period_severe_deterioration"",""forecast_years"":5,""growth"":-0.1,""growth_evidence"":""historical_cagr_and_trend"",""margin_retention"":0.6,""structural_decline_evidence"":null,""terminal_g"":0.01,""wacc_base"":0.1447248066631461},""optimistic"":{""current_period_growth_cap_basis"":""current_period_severe_deterioration"",""forecast_years"":5,""growth"":0.0,""growth_evidence"":""historical_cagr_and_trend"",""margin_retention"":0.85,""structural_decline_evidence"":null,""terminal_g"":0.02,""wacc_base"":0.1397248066631461},""pessimistic"":{""current_period_growth_cap_basis"":""current_period_severe_deterioration"",""forecast_years"":5,""growth"":-0.2,""growth_evidence"":""historical_cagr_and_trend"",""margin_retention"":0.4,""structural_decline_evidence"":null,""terminal_g"":0.0,""wacc_base"":0.1547248066631461}}",0.42810320082538933,0.4392702602361445,0.5642850494808725,0.588342148647109,0.780025079480265,0.8282226597863418
300111,向日葵,CHEM_PHARMA,无触发（不买）,6️⃣ 高风险早期/困境型,4.1,,False,_veto 2.0分:仅1项核心证据≥5；_condition 2.0分:须确认实际仓位符合建议上限；6d 2.0分:最新同口径利润降幅≥50%,0.0,False,False,0.0,当前经济条件不适用估值,0.0,当前经济条件不适用估值,0.0,当前经济条件不适用估值,0.0,当前经济条件不适用估值,"{""_applicable"":""no"",""_decision_missing_dimensions"":[],""_evidence"":""complete"",""_scope"":""当前经济条件不适用估值"",""_score_quality"":""模型不适用，0分不是结论"",""_status"":""not_applicable""}",2.9,False,True,2.55,产业聚合增速0.9%,0.0,拐点证据不足,8.0,量价冷度;60日-32.4%…,1.55,当前PB/行业2.4倍,"{""_applicable"":""yes"",""_condition"":""估值须合理或满足强周期修正"",""_coverage"":""公司3年连续财务数据;同行市净率"",""_decision_missing_dimensions"":[],""_evidence"":""complete"",""_score_quality"":""完整证据评分"",""_status"":""vetoed"",""_veto"":""产业与公司热度平均须>4""}",0.0,False,False,0.0,趋势增速不足10%,0.0,趋势增速不足10%,0.0,趋势增速不足10%,0.0,趋势增速不足10%,0.0,趋势增速不足10%,"{""_applicable"":""no"",""_decision_missing_dimensions"":[],""_evidence"":""complete"",""_scope"":""趋势增速不足10%"",""_score_quality"":""模型不适用，0分不是结论"",""_status"":""not_applicable""}",0.0,False,False,0.0,当前经济条件不适用估值,0.0,当前经济条件不适用估值,0.0,当前经济条件不适用估值,0.0,当前经济条件不适用估值,0.0,当前经济条件不适用估值,0.0,当前经济条件不适用估值,"{""_applicable"":""no"",""_decision_missing_dimensions"":[],""_evidence"":""complete"",""_scope"":""当前经济条件不适用估值"",""_score_quality"":""模型不适用，0分不是结论"",""_status"":""not_applicable""}",0.0,False,False,0.0,非强周期标的，适用其他框架,0.0,非强周期标的，适用其他框架,0.0,非强周期标的，适用其他框架,0.0,非强周期标的，适用其他框架,0.0,非强周期标的，适用其他框架,"{""_applicable"":""no"",""_decision_missing_dimensions"":[],""_evidence"":""complete"",""_scope"":""非强周期标的，适用其他框架"",""_score_quality"":""模型不适用，0分不是结论"",""_status"":""not_applicable""}",4.1,False,True,3.0,产业增速0.9%,3.8,研发与经营数据,5.0,经营效率与现金流数据,2.0,最新同口径利润降幅≥50%,9.0,"建议单票≤3%,组合≤15%","{""_applicable"":""yes"",""_condition"":""须确认实际仓位符合建议上限"",""_decision_missing_dimensions"":[],""_evidence"":""complete"",""_profile"":""平稳产业反转型"",""_risk"":""最坏归零时组合最大损失≤3%"",""_score_quality"":""完整证据评分"",""_status"":""vetoed"",""_veto"":""仅1项核心证据≥5""}",2.7,False,False,3.053,长期质量回报30.53,2.433,产业质量估值24.33,2.704,商业安全27.04；边际6.1,"{""_applicable"":""yes"",""_condition"":""补全全部缺失证据后仍至少一套不超过70"",""_decision_missing_dimensions"":[""7a"",""7b"",""7c""],""_evidence"":""incomplete"",""_missing"":""核心必需子项不完整或覆盖不足80%"",""_status"":""not_triggered""}",跳过,economic_not_applicable,ttm_fcff_nonpositive,,,,,,,,{},,,,,,
300150,世纪瑞尔,ELEC_COMPONENT,无触发（不买）,2️⃣ 两热一冷,6.3,,True,2b 2.0分:最新同口径利润恶化；2a 7.5分:产业聚合增速16.3%；2c 8.0分:量价冷度;60日-27.7%…,4.5,False,True,1.5,远离买入区346%,9.0,五项满分4项,3.9,FCF4.8%;末1.02亿,1.0,最新同口径利润转负,"{""_applicable"":""yes"",""_condition"":""须进入模型买入区"",""_decision_missing_dimensions"":[],""_evidence"":""complete"",""_score_quality"":""完整证据评分"",""_status"":""vetoed"",""_veto"":""买入区深度不足""}",6.3,False,False,7.5,产业聚合增速16.3%,2.0,最新同口径利润恶化,8.0,量价冷度;60日-27.7%…,9.0,当前PB/行业0.4倍,"{""_applicable"":""yes"",""_coverage"":""公司3年连续财务数据;同行市净率"",""_decision_missing_dimensions"":[],""_evidence"":""complete"",""_score_quality"":""完整证据评分"",""_status"":""observe""}",0.0,False,False,0.0,趋势增速不足10%,0.0,趋势增速不足10%,0.0,趋势增速不足10%,0.0,趋势增速不足10%,0.0,趋势增速不足10%,"{""_applicable"":""no"",""_decision_missing_dimensions"":[],""_evidence"":""complete"",""_scope"":""趋势增速不足10%"",""_score_quality"":""模型不适用，0分不是结论"",""_status"":""not_applicable""}",2.6,False,False,1.5,增长趋势与同行数据,2.0,最新同口径利润转负,5.1,多年盈利稳定性数据,0.0,价格/10年中性终局3.5倍,8.5,行业营收与利润数据,0.0,乐观上沿透支30年+,"{""_4f_formula"":""opt_upper_v1"",""_applicable"":""yes"",""_decision_missing_dimensions"":[],""_evidence"":""complete"",""_score_quality"":""完整证据评分"",""_status"":""not_triggered""}",0.0,False,False,0.0,非强周期标的，适用其他框架,0.0,非强周期标的，适用其他框架,0.0,非强周期标的，适用其他框架,0.0,非强周期标的，适用其他框架,0.0,非强周期标的，适用其他框架,"{""_applicable"":""no"",""_decision_missing_dimensions"":[],""_evidence"":""complete"",""_scope"":""非强周期标的，适用其他框架"",""_score_quality"":""模型不适用，0分不是结论"",""_status"":""not_applicable""}",0.0,False,False,0.0,公司并非亏损或净利率≤5%的微利标的,0.0,公司并非亏损或净利率≤5%的微利标的,0.0,公司并非亏损或净利率≤5%的微利标的,0.0,公司并非亏损或净利率≤5%的微利标的,0.0,公司并非亏损或净利率≤5%的微利标的,"{""_applicable"":""no"",""_decision_missing_dimensions"":[],""_evidence"":""complete"",""_scope"":""公司并非亏损或净利率≤5%的微利标的"",""_score_quality"":""模型不适用，0分不是结论"",""_status"":""not_applicable""}",4.4,False,False,4.728,长期质量回报47.28,4.121,产业质量估值41.21,4.363,商业安全43.63；边际8.5,"{""_applicable"":""yes"",""_condition"":""补全全部缺失证据后仍至少一套不超过70"",""_decision_missing_dimensions"":[""7a"",""7b"",""7c""],""_evidence"":""incomplete"",""_missing"":""核心必需子项不完整或覆盖不足80%"",""_status"":""not_triggered""}",有效,,,卖出区,3.66,0.819868199478269,1.2618386500618384,-430.56,0.1424,102364898.38,"{""neutral"":{""current_period_growth_cap_basis"":""missing_current_period_conservative_cap"",""forecast_years"":5,""growth"":-0.1,""growth_evidence"":""historical_cagr_and_trend"",""margin_retention"":0.6,""structural_decline_evidence"":null,""terminal_g"":0.01,""wacc_base"":0.14237298399672468},""optimistic"":{""current_period_growth_cap_basis"":""missing_current_period_conservative_cap"",""forecast_years"":5,""growth"":0.0,""growth_evidence"":""historical_cagr_and_trend"",""margin_retention"":0.85,""structural_decline_evidence"":null,""terminal_g"":0.02,""wacc_base"":0.13737298399672468},""pessimistic"":{""current_period_growth_cap_basis"":""missing_current_period_conservative_cap"",""forecast_years"":5,""growth"":-0.2,""growth_evidence"":""historical_cagr_and_trend"",""margin_retention"":0.4,""structural_decline_evidence"":null,""terminal_g"":0.0,""wacc_base"":0.1523729839967247}}",0.6771236757565208,0.6898375301943456,0.9498988687621926,0.986712275143402,1.5369650249802747,1.6380825329829938
300300,海峡创新,SOFTWARE,无触发（不买）,2️⃣ 两热一冷,4.7,,False,_condition 1.0分:估值须合理或满足强周期修正；2d 1.0分:当前PB/行业5.4倍；2b 4.0分:最新同口径经营现金流明显下滑,0.0,False,False,0.0,当前经济条件不适用估值,0.0,当前经济条件不适用估值,0.0,当前经济条件不适用估值,0.0,当前经济条件不适用估值,"{""_applicable"":""no"",""_decision_missing_dimensions"":[],""_evidence"":""complete"",""_scope"":""当前经济条件不适用估值"",""_score_quality"":""模型不适用，0分不是结论"",""_status"":""not_applicable""}",4.7,False,False,5.83,产业聚合增速7.9%,4.0,最新同口径经营现金流明显下滑,7.2,量价冷度;60日-46.3%…,1.0,当前PB/行业5.4倍,"{""_applicable"":""yes"",""_condition"":""估值须合理或满足强周期修正"",""_coverage"":""公司3年连续财务数据;同行市净率"",""_decision_missing_dimensions"":[],""_evidence"":""complete"",""_score_quality"":""完整证据评分"",""_status"":""not_triggered""}",0.0,False,False,0.0,趋势增速不足10%,0.0,趋势增速不足10%,0.0,趋势增速不足10%,0.0,趋势增速不足10%,0.0,趋势增速不足10%,"{""_applicable"":""no"",""_decision_missing_dimensions"":[],""_evidence"":""complete"",""_scope"":""趋势增速不足10%"",""_score_quality"":""模型不适用，0分不是结论"",""_status"":""not_applicable""}",0.0,False,False,0.0,当前经济条件不适用估值,0.0,当前经济条件不适用估值,0.0,当前经济条件不适用估值,0.0,当前经济条件不适用估值,0.0,当前经济条件不适用估值,0.0,当前经济条件不适用估值,"{""_applicable"":""no"",""_decision_missing_dimensions"":[],""_evidence"":""complete"",""_scope"":""当前经济条件不适用估值"",""_score_quality"":""模型不适用，0分不是结论"",""_status"":""not_applicable""}",0.0,False,False,0.0,非强周期标的，适用其他框架,0.0,非强周期标的，适用其他框架,0.0,非强周期标的，适用其他框架,0.0,非强周期标的，适用其他框架,0.0,非强周期标的，适用其他框架,"{""_applicable"":""no"",""_decision_missing_dimensions"":[],""_evidence"":""complete"",""_scope"":""非强周期标的，适用其他框架"",""_score_quality"":""模型不适用，0分不是结论"",""_status"":""not_applicable""}",0.0,False,False,0.0,公司并非亏损或净利率≤5%的微利标的,0.0,公司并非亏损或净利率≤5%的微利标的,0.0,公司并非亏损或净利率≤5%的微利标的,0.0,公司并非亏损或净利率≤5%的微利标的,0.0,公司并非亏损或净利率≤5%的微利标的,"{""_applicable"":""no"",""_decision_missing_dimensions"":[],""_evidence"":""complete"",""_scope"":""公司并非亏损或净利率≤5%的微利标的"",""_score_quality"":""模型不适用，0分不是结论"",""_status"":""not_applicable""}",3.6,False,False,3.887,长期质量回报38.87,3.36,产业质量估值33.60,3.691,商业安全36.91；边际6.0,"{""_applicable"":""yes"",""_condition"":""补全全部缺失证据后仍至少一套不超过70"",""_decision_missing_dimensions"":[""7a"",""7b"",""7c""],""_evidence"":""incomplete"",""_missing"":""核心必需子项不完整或覆盖不足80%"",""_status"":""not_triggered""}",跳过,economic_not_applicable,ttm_fcff_nonpositive,,,,,,,,{},,,,,,
300345,华民股份,NEW_ENERGY_VEH,无触发（不买）,6️⃣ 高风险早期/困境型,3.6,,False,_veto 1.0分:仅0项核心证据≥5；_condition 1.0分:须确认实际仓位符合建议上限；6a 1.0分:产业增速-4.5%,0.0,False,False,0.0,当前经济条件不适用估值,0.0,当前经济条件不适用估值,0.0,当前经济条件不适用估值,0.0,当前经济条件不适用估值,"{""_applicable"":""no"",""_decision_missing_dimensions"":[],""_evidence"":""complete"",""_scope"":""当前经济条件不适用估值"",""_score_quality"":""模型不适用，0分不是结论"",""_status"":""not_applicable""}",2.9,False,True,1.44,产业聚合增速-4.5%,2.0,拐点证据不足,6.8,量价冷度;60日-19.8%…,1.0,当前PB/行业3.6倍,"{""_applicable"":""yes"",""_condition"":""估值须合理或满足强周期修正"",""_coverage"":""公司3年连续财务数据;同行市净率"",""_decision_missing_dimensions"":[],""_evidence"":""complete"",""_score_quality"":""完整证据评分"",""_status"":""vetoed"",""_veto"":""产业与公司热度平均须>4""}",0.0,False,False,0.0,趋势增速不足10%,0.0,趋势增速不足10%,0.0,趋势增速不足10%,0.0,趋势增速不足10%,0.0,趋势增速不足10%,"{""_applicable"":""no"",""_decision_missing_dimensions"":[],""_evidence"":""complete"",""_scope"":""趋势增速不足10%"",""_score_quality"":""模型不适用，0分不是结论"",""_status"":""not_applicable""}",0.0,False,False,0.0,当前经济条件不适用估值,0.0,当前经济条件不适用估值,0.0,当前经济条件不适用估值,0.0,当前经济条件不适用估值,0.0,当前经济条件不适用估值,0.0,当前经济条件不适用估值,"{""_applicable"":""no"",""_decision_missing_dimensions"":[],""_evidence"":""complete"",""_scope"":""当前经济条件不适用估值"",""_score_quality"":""模型不适用，0分不是结论"",""_status"":""not_applicable""}",0.0,False,False,0.0,非强周期标的，适用其他框架,0.0,非强周期标的，适用其他框架,0.0,非强周期标的，适用其他框架,0.0,非强周期标的，适用其他框架,0.0,非强周期标的，适用其他框架,"{""_applicable"":""no"",""_decision_missing_dimensions"":[],""_evidence"":""complete"",""_scope"":""非强周期标的，适用其他框架"",""_score_quality"":""模型不适用，0分不是结论"",""_status"":""not_applicable""}",3.6,False,True,1.0,产业增速-4.5%,4.2,研发与经营数据,4.3,经营效率与现金流数据,2.0,最新同口径利润降幅≥50%,9.0,"建议单票≤3%,组合≤15%","{""_applicable"":""yes"",""_condition"":""须确认实际仓位符合建议上限"",""_decision_missing_dimensions"":[],""_evidence"":""complete"",""_profile"":""平稳产业反转型"",""_risk"":""最坏归零时组合最大损失≤3%"",""_score_quality"":""完整证据评分"",""_status"":""vetoed"",""_veto"":""仅0项核心证据≥5""}",2.4,False,False,2.664,长期质量回报26.64,2.236,产业质量估值22.36,2.365,商业安全23.65；边际5.7,"{""_applicable"":""yes"",""_condition"":""补全全部缺失证据后仍至少一套不超过70"",""_decision_missing_dimensions"":[""7a"",""7b"",""7c""],""_evidence"":""incomplete"",""_missing"":""核心必需子项不完整或覆盖不足80%"",""_status"":""not_triggered""}",跳过,economic_not_applicable,ttm_fcff_nonpositive,,,,,,,,{},,,,,,
300417,南华仪器,INDUST_MACHINERY,无触发（不买）,6️⃣ 高风险早期/困境型,6.1,,False,_condition 3.0分:须确认实际仓位符合建议上限；6d 3.0分:最新同口径经营现金流同比下降；6b 5.8分:研发与经营数据,0.0,False,False,0.0,当前经济条件不适用估值,0.0,当前经济条件不适用估值,0.0,当前经济条件不适用估值,0.0,当前经济条件不适用估值,"{""_applicable"":""no"",""_decision_missing_dimensions"":[],""_evidence"":""complete"",""_scope"":""当前经济条件不适用估值"",""_score_quality"":""模型不适用，0分不是结论"",""_status"":""not_applicable""}",5.4,False,False,6.01,产业聚合增速8.5%,2.0,年度利润暴跌,8.0,量价冷度;60日-32.4%…,6.25,当前PB/行业1.0倍,"{""_applicable"":""yes"",""_coverage"":""公司3年连续财务数据;同行市净率"",""_decision_missing_dimensions"":[],""_evidence"":""complete"",""_score_quality"":""完整证据评分"",""_status"":""observe""}",3.9,False,False,4.6,盈利能力与同行数据,2.0,最新报告期利润为负,1.5,投入回报率减资金成本=-13.9%,5.0,弱代理2.0分:最新报告期利润为负,8.0,行业与估值数据,"{""_applicable"":""yes"",""_decision_missing_dimensions"":[""3b"",""3d""],""_evidence"":""incomplete"",""_missing"":""缺增长质量/增长持续性证据"",""_score_quality"":""证据不足，分数仅供诊断"",""_status"":""insufficient_evidence""}",0.0,False,False,0.0,当前经济条件不适用估值,0.0,当前经济条件不适用估值,0.0,当前经济条件不适用估值,0.0,当前经济条件不适用估值,0.0,当前经济条件不适用估值,0.0,当前经济条件不适用估值,"{""_applicable"":""no"",""_decision_missing_dimensions"":[],""_evidence"":""complete"",""_scope"":""当前经济条件不适用估值"",""_score_quality"":""模型不适用，0分不是结论"",""_status"":""not_applicable""}",0.0,False,False,0.0,非强周期标的，适用其他框架,0.0,非强周期标的，适用其他框架,0.0,非强周期标的，适用其他框架,0.0,非强周期标的，适用其他框架,0.0,非强周期标的，适用其他框架,"{""_applicable"":""no"",""_decision_missing_dimensions"":[],""_evidence"":""complete"",""_scope"":""非强周期标的，适用其他框架"",""_score_quality"":""模型不适用，0分不是结论"",""_status"":""not_applicable""}",6.1,False,False,6.0,产业增速8.5%,5.8,研发与经营数据,8.0,经营效率与现金流数据,3.0,最新同口径经营现金流同比下降,10.0,"建议单票≤1%,组合≤8%","{""_applicable"":""yes"",""_condition"":""须确认实际仓位符合建议上限"",""_decision_missing_dimensions"":[],""_evidence"":""complete"",""_profile"":""高景气技术型"",""_risk"":""最坏归零时组合最大损失≤1%"",""_score_quality"":""完整证据评分"",""_status"":""observe""}",4.4,False,False,4.609,长期质量回报46.09,4.259,产业质量估值42.59,4.2,商业安全42.00；边际6.5,"{""_applicable"":""yes"",""_condition"":""补全全部缺失证据后仍至少一套不超过70"",""_decision_missing_dimensions"":[""7a"",""7b"",""7c""],""_evidence"":""incomplete"",""_missing"":""核心必需子项不完整或覆盖不足80%"",""_status"":""not_triggered""}",跳过,economic_not_applicable,mixed_profit_cycle_unsupported_by_fcff,,,,,,,,{},,,,,,
300420,五洋自控,INDUST_MACHINERY,无触发（不买）,2️⃣ 两热一冷,4.2,,False,_veto 2.2分:市场周期不够冷；2c 2.2分:量价冷度;60日70.6%…；2b 3.5分:拐点1项:现金流支撑,0.0,False,False,0.0,当前经济条件不适用估值,0.0,当前经济条件不适用估值,0.0,当前经济条件不适用估值,0.0,当前经济条件不适用估值,"{""_applicable"":""no"",""_decision_missing_dimensions"":[],""_evidence"":""complete"",""_scope"":""当前经济条件不适用估值"",""_score_quality"":""模型不适用，0分不是结论"",""_status"":""not_applicable""}",4.2,False,True,6.02,产业聚合增速8.6%,3.5,拐点1项:现金流支撑,2.2,量价冷度;60日70.6%…,5.62,当前PB/行业1.1倍,"{""_applicable"":""yes"",""_coverage"":""公司3年连续财务数据;同行市净率"",""_decision_missing_dimensions"":[],""_evidence"":""complete"",""_score_quality"":""完整证据评分"",""_status"":""vetoed"",""_veto"":""市场周期不够冷""}",0.0,False,False,0.0,趋势增速不足10%,0.0,趋势增速不足10%,0.0,趋势增速不足10%,0.0,趋势增速不足10%,0.0,趋势增速不足10%,"{""_applicable"":""no"",""_decision_missing_dimensions"":[],""_evidence"":""complete"",""_scope"":""趋势增速不足10%"",""_score_quality"":""模型不适用，0分不是结论"",""_status"":""not_applicable""}",0.0,False,False,0.0,当前经济条件不适用估值,0.0,当前经济条件不适用估值,0.0,当前经济条件不适用估值,0.0,当前经济条件不适用估值,0.0,当前经济条件不适用估值,0.0,当前经济条件不适用估值,"{""_applicable"":""no"",""_decision_missing_dimensions"":[],""_evidence"":""complete"",""_scope"":""当前经济条件不适用估值"",""_score_quality"":""模型不适用，0分不是结论"",""_status"":""not_applicable""}",0.0,False,False,0.0,非强周期标的，适用其他框架,0.0,非强周期标的，适用其他框架,0.0,非强周期标的，适用其他框架,0.0,非强周期标的，适用其他框架,0.0,非强周期标的，适用其他框架,"{""_applicable"":""no"",""_decision_missing_dimensions"":[],""_evidence"":""complete"",""_scope"":""非强周期标的，适用其他框架"",""_score_quality"":""模型不适用，0分不是结论"",""_status"":""not_applicable""}",0.0,False,False,0.0,公司并非亏损或净利率≤5%的微利标的,0.0,公司并非亏损或净利率≤5%的微利标的,0.0,公司并非亏损或净利率≤5%的微利标的,0.0,公司并非亏损或净利率≤5%的微利标的,0.0,公司并非亏损或净利率≤5%的微利标的,"{""_applicable"":""no"",""_decision_missing_dimensions"":[],""_evidence"":""complete"",""_scope"":""公司并非亏损或净利率≤5%的微利标的"",""_score_quality"":""模型不适用，0分不是结论"",""_status"":""not_applicable""}",3.5,False,False,3.62,长期质量回报36.20,3.156,产业质量估值31.56,3.69,商业安全36.90；边际6.7,"{""_applicable"":""yes"",""_condition"":""补全全部缺失证据后仍至少一套不超过70"",""_decision_missing_dimensions"":[""7a"",""7b"",""7c""],""_evidence"":""incomplete"",""_missing"":""核心必需子项不完整或覆盖不足80%"",""_status"":""not_triggered""}",跳过,economic_not_applicable,mixed_profit_cycle_unsupported_by_fcff,,,,,,,,{},,,,,,
300443,金雷股份,NEW_ENERGY_VEH,无触发（不买）,2️⃣ 两热一冷,6.1,,False,2a 1.44分:产业聚合增速-4.5%；2b 7.0分:拐点3项:营收加速+最新同口径营收增；2c 7.4分:量价冷度;60日-32.5%…,0.0,False,False,0.0,当前经济条件不适用估值,0.0,当前经济条件不适用估值,0.0,当前经济条件不适用估值,0.0,当前经济条件不适用估值,"{""_applicable"":""no"",""_decision_missing_dimensions"":[],""_evidence"":""complete"",""_scope"":""当前经济条件不适用估值"",""_score_quality"":""模型不适用，0分不是结论"",""_status"":""not_applicable""}",6.1,False,False,1.44,产业聚合增速-4.5%,7.0,拐点3项:营收加速+最新同口径营收增,7.4,量价冷度;60日-32.5%…,9.0,当前PB/行业0.5倍,"{""_applicable"":""yes"",""_coverage"":""公司3年连续财务数据;同行市净率"",""_decision_missing_dimensions"":[],""_evidence"":""complete"",""_score_quality"":""完整证据评分"",""_status"":""observe""}",3.3,False,True,2.9,盈利能力与同行数据,3.0,经营现金流三年锐减,1.5,投入回报率减资金成本=-7.1%,5.0,弱代理2.0分:经营现金流三年暴跌,4.0,行业与估值数据,"{""_applicable"":""yes"",""_decision_missing_dimensions"":[""3b"",""3d""],""_evidence"":""incomplete"",""_missing"":""缺增长质量/增长持续性证据"",""_score_quality"":""证据不足，分数仅供诊断"",""_status"":""vetoed"",""_veto"":""护城河证据不足""}",0.0,False,False,0.0,当前经济条件不适用估值,0.0,当前经济条件不适用估值,0.0,当前经济条件不适用估值,0.0,当前经济条件不适用估值,0.0,当前经济条件不适用估值,0.0,当前经济条件不适用估值,"{""_applicable"":""no"",""_decision_missing_dimensions"":[],""_evidence"":""complete"",""_scope"":""当前经济条件不适用估值"",""_score_quality"":""模型不适用，0分不是结论"",""_status"":""not_applicable""}",0.0,False,False,0.0,非强周期标的，适用其他框架,0.0,非强周期标的，适用其他框架,0.0,非强周期标的，适用其他框架,0.0,非强周期标的，适用其他框架,0.0,非强周期标的，适用其他框架,"{""_applicable"":""no"",""_decision_missing_dimensions"":[],""_evidence"":""complete"",""_scope"":""非强周期标的，适用其他框架"",""_score_quality"":""模型不适用，0分不是结论"",""_status"":""not_applicable""}",0.0,False,False,0.0,公司并非亏损或净利率≤5%的微利标的,0.0,公司并非亏损或净利率≤5%的微利标的,0.0,公司并非亏损或净利率≤5%的微利标的,0.0,公司并非亏损或净利率≤5%的微利标的,0.0,公司并非亏损或净利率≤5%的微利标的,"{""_applicable"":""no"",""_decision_missing_dimensions"":[],""_evidence"":""complete"",""_scope"":""公司并非亏损或净利率≤5%的微利标的"",""_score_quality"":""模型不适用，0分不是结论"",""_status"":""not_applicable""}",3.7,False,False,3.851,长期质量回报38.51,3.832,产业质量估值38.32,3.503,商业安全35.03；边际5.8,"{""_applicable"":""yes"",""_condition"":""补全全部缺失证据后仍至少一套不超过70"",""_decision_missing_dimensions"":[""7a"",""7b"",""7c""],""_evidence"":""incomplete"",""_missing"":""核心必需子项不完整或覆盖不足80%"",""_status"":""not_triggered""}",跳过,economic_not_applicable,ttm_fcff_nonpositive_normalised,,,,,,,,{},,,,,,
300590,移为通信,TELECOM,无触发（不买）,2️⃣ 两热一冷,5.2,,False,_veto 2.0分:产业与公司热度平均须>4；2b 2.0分:年度利润暴跌；2a 4.2分:产业聚合增速3.7%,0.0,False,False,0.0,当前经济条件不适用估值,0.0,当前经济条件不适用估值,0.0,当前经济条件不适用估值,0.0,当前经济条件不适用估值,"{""_applicable"":""no"",""_decision_missing_dimensions"":[],""_evidence"":""complete"",""_scope"":""当前经济条件不适用估值"",""_score_quality"":""模型不适用，0分不是结论"",""_status"":""not_applicable""}",5.2,False,True,4.2,产业聚合增速3.7%,2.0,年度利润暴跌,7.8,量价冷度;60日-32.0%…,8.19,当前PB/行业0.6倍,"{""_applicable"":""yes"",""_coverage"":""公司3年连续财务数据;同行市净率"",""_decision_missing_dimensions"":[],""_evidence"":""complete"",""_score_quality"":""完整证据评分"",""_status"":""vetoed"",""_veto"":""产业与公司热度平均须>4""}",0.0,False,False,0.0,趋势增速不足10%,0.0,趋势增速不足10%,0.0,趋势增速不足10%,0.0,趋势增速不足10%,0.0,趋势增速不足10%,"{""_applicable"":""no"",""_decision_missing_dimensions"":[],""_evidence"":""complete"",""_scope"":""趋势增速不足10%"",""_score_quality"":""模型不适用，0分不是结论"",""_status"":""not_applicable""}",0.0,False,False,0.0,当前经济条件不适用估值,0.0,当前经济条件不适用估值,0.0,当前经济条件不适用估值,0.0,当前经济条件不适用估值,0.0,当前经济条件不适用估值,0.0,当前经济条件不适用估值,"{""_applicable"":""no"",""_decision_missing_dimensions"":[],""_evidence"":""complete"",""_scope"":""当前经济条件不适用估值"",""_score_quality"":""模型不适用，0分不是结论"",""_status"":""not_applicable""}",0.0,False,False,0.0,非强周期标的，适用其他框架,0.0,非强周期标的，适用其他框架,0.0,非强周期标的，适用其他框架,0.0,非强周期标的，适用其他框架,0.0,非强周期标的，适用其他框架,"{""_applicable"":""no"",""_decision_missing_dimensions"":[],""_evidence"":""complete"",""_scope"":""非强周期标的，适用其他框架"",""_score_quality"":""模型不适用，0分不是结论"",""_status"":""not_applicable""}",0.0,False,False,0.0,公司并非亏损或净利率≤5%的微利标的,0.0,公司并非亏损或净利率≤5%的微利标的,0.0,公司并非亏损或净利率≤5%的微利标的,0.0,公司并非亏损或净利率≤5%的微利标的,0.0,公司并非亏损或净利率≤5%的微利标的,"{""_applicable"":""no"",""_decision_missing_dimensions"":[],""_evidence"":""complete"",""_scope"":""公司并非亏损或净利率≤5%的微利标的"",""_score_quality"":""模型不适用，0分不是结论"",""_status"":""not_applicable""}",3.9,False,False,3.994,长期质量回报39.94,3.457,产业质量估值34.57,4.134,商业安全41.34；边际7.6,"{""_applicable"":""yes"",""_condition"":""补全全部缺失证据后仍至少一套不超过70"",""_decision_missing_dimensions"":[""7a"",""7b"",""7c""],""_evidence"":""incomplete"",""_missing"":""核心必需子项不完整或覆盖不足80%"",""_status"":""not_triggered""}",跳过,economic_not_applicable,ttm_fcff_nonpositive,,,,,,,,{},,,,,,
300652,雷迪克,AUTO_VEHICLE,无触发（不买）,7️⃣ 优质股权型,4.8,,False,_condition 4.14分:补全全部缺失证据后仍至少一套不超过70；7b 4.14分:产业质量估值41.41；7c 4.88分:商业安全48.85；边际5.9,0.0,False,False,0.0,当前经济条件不适用估值,0.0,当前经济条件不适用估值,0.0,当前经济条件不适用估值,0.0,当前经济条件不适用估值,"{""_applicable"":""no"",""_decision_missing_dimensions"":[],""_evidence"":""complete"",""_scope"":""当前经济条件不适用估值"",""_score_quality"":""模型不适用，0分不是结论"",""_status"":""not_applicable""}",4.5,False,True,5.68,产业聚合增速7.4%,2.0,最新同口径现金恶化,8.0,量价冷度;60日-35.6%…,2.32,归母利润趋势PEG3.0,"{""_applicable"":""yes"",""_condition"":""估值须合理或满足强周期修正"",""_coverage"":""公司3年连续财务数据;盈利趋势PEG"",""_decision_missing_dimensions"":[],""_evidence"":""complete"",""_score_quality"":""完整证据评分"",""_status"":""vetoed"",""_veto"":""产业与公司热度平均须>4""}",3.9,False,False,4.4,盈利能力与同行数据,2.0,最新同口径经营现金流转负,1.5,投入回报率减资金成本=-4.8%,5.0,弱代理2.0分:最新同口径经营现金流转负,8.0,行业与估值数据,"{""_applicable"":""yes"",""_decision_missing_dimensions"":[""3b"",""3d""],""_evidence"":""incomplete"",""_missing"":""缺增长质量/增长持续性证据"",""_score_quality"":""证据不足，分数仅供诊断"",""_status"":""insufficient_evidence""}",0.0,False,False,0.0,当前经济条件不适用估值,0.0,当前经济条件不适用估值,0.0,当前经济条件不适用估值,0.0,当前经济条件不适用估值,0.0,当前经济条件不适用估值,0.0,当前经济条件不适用估值,"{""_applicable"":""no"",""_decision_missing_dimensions"":[],""_evidence"":""complete"",""_scope"":""当前经济条件不适用估值"",""_score_quality"":""模型不适用，0分不是结论"",""_status"":""not_applicable""}",0.0,False,False,0.0,非强周期标的，适用其他框架,0.0,非强周期标的，适用其他框架,0.0,非强周期标的，适用其他框架,0.0,非强周期标的，适用其他框架,0.0,非强周期标的，适用其他框架,"{""_applicable"":""no"",""_decision_missing_dimensions"":[],""_evidence"":""complete"",""_scope"":""非强周期标的，适用其他框架"",""_score_quality"":""模型不适用，0分不是结论"",""_status"":""not_applicable""}",0.0,False,False,0.0,公司并非亏损或净利率≤5%的微利标的,0.0,公司并非亏损或净利率≤5%的微利标的,0.0,公司并非亏损或净利率≤5%的微利标的,0.0,公司并非亏损或净利率≤5%的微利标的,0.0,公司并非亏损或净利率≤5%的微利标的,"{""_applicable"":""no"",""_decision_missing_dimensions"":[],""_evidence"":""complete"",""_scope"":""公司并非亏损或净利率≤5%的微利标的"",""_score_quality"":""模型不适用，0分不是结论"",""_status"":""not_applicable""}",4.8,False,False,5.224,长期质量回报52.24,4.141,产业质量估值41.41,4.885,商业安全48.85；边际5.9,"{""_applicable"":""yes"",""_condition"":""补全全部缺失证据后仍至少一套不超过70"",""_decision_missing_dimensions"":[""7a"",""7b"",""7c""],""_evidence"":""incomplete"",""_missing"":""核心必需子项不完整或覆盖不足80%"",""_status"":""not_triggered""}",跳过,economic_not_applicable,ttm_fcff_nonpositive,,,,,,,,{},,,,,,
300680,隆盛科技,AUTO_VEHICLE,2️⃣ 两热一冷,2️⃣ 两热一冷,7.1,type2,False,2a 5.68分:产业聚合增速7.4%；2b 6.0分:拐点2项:利润连升+现金流支撑；2c 8.0分:量价冷度;60日-32.2%…,0.0,False,False,0.0,当前经济条件不适用估值,0.0,当前经济条件不适用估值,0.0,当前经济条件不适用估值,0.0,当前经济条件不适用估值,"{""_applicable"":""no"",""_decision_missing_dimensions"":[],""_evidence"":""complete"",""_scope"":""当前经济条件不适用估值"",""_score_quality"":""模型不适用，0分不是结论"",""_status"":""not_applicable""}",7.1,True,False,5.68,产业聚合增速7.4%,6.0,拐点2项:利润连升+现金流支撑,8.0,量价冷度;60日-32.2%…,9.35,归母利润趋势PEG0.7,"{""_applicable"":""yes"",""_coverage"":""公司3年连续财务数据;盈利趋势PEG"",""_decision_missing_dimensions"":[],""_evidence"":""complete"",""_score_quality"":""完整证据评分"",""_status"":""triggered""}",4.3,False,False,3.9,盈利能力与同行数据,5.0,最新同口径利润同比下降,1.5,投入回报率减资金成本=-5.0%,5.0,弱代理4.0分:最新同口径利润同比下降,8.0,行业与估值数据,"{""_applicable"":""yes"",""_decision_missing_dimensions"":[""3b"",""3d""],""_evidence"":""incomplete"",""_missing"":""缺增长质量/增长持续性证据"",""_score_quality"":""证据不足，分数仅供诊断"",""_status"":""insufficient_evidence""}",0.0,False,False,0.0,当前经济条件不适用估值,0.0,当前经济条件不适用估值,0.0,当前经济条件不适用估值,0.0,当前经济条件不适用估值,0.0,当前经济条件不适用估值,0.0,当前经济条件不适用估值,"{""_applicable"":""no"",""_decision_missing_dimensions"":[],""_evidence"":""complete"",""_scope"":""当前经济条件不适用估值"",""_score_quality"":""模型不适用，0分不是结论"",""_status"":""not_applicable""}",0.0,False,False,0.0,非强周期标的，适用其他框架,0.0,非强周期标的，适用其他框架,0.0,非强周期标的，适用其他框架,0.0,非强周期标的，适用其他框架,0.0,非强周期标的，适用其他框架,"{""_applicable"":""no"",""_decision_missing_dimensions"":[],""_evidence"":""complete"",""_scope"":""非强周期标的，适用其他框架"",""_score_quality"":""模型不适用，0分不是结论"",""_status"":""not_applicable""}",0.0,False,False,0.0,公司并非亏损或净利率≤5%的微利标的,0.0,公司并非亏损或净利率≤5%的微利标的,0.0,公司并非亏损或净利率≤5%的微利标的,0.0,公司并非亏损或净利率≤5%的微利标的,0.0,公司并非亏损或净利率≤5%的微利标的,"{""_applicable"":""no"",""_decision_missing_dimensions"":[],""_evidence"":""complete"",""_scope"":""公司并非亏损或净利率≤5%的微利标的"",""_score_quality"":""模型不适用，0分不是结论"",""_status"":""not_applicable""}",4.7,False,False,5.189,长期质量回报51.89,4.364,产业质量估值43.64,4.614,商业安全46.14；边际6.4,"{""_applicable"":""yes"",""_condition"":""补全全部缺失证据后仍至少一套不超过70"",""_decision_missing_dimensions"":[""7a"",""7b"",""7c""],""_evidence"":""incomplete"",""_missing"":""核心必需子项不完整或覆盖不足80%"",""_status"":""not_triggered""}",跳过,economic_not_applicable,nonpositive_pessimistic_equity_value,,,,,,,,{},,,,,,
300729,乐歌股份,LIGHT_MFG,无触发（不买）,2️⃣ 两热一冷,5.1,,False,_veto 2.0分:产业与公司热度平均须>4；2b 2.0分:最新同口径利润恶化；2a 2.94分:产业聚合增速1.6%,0.0,False,False,0.0,当前经济条件不适用估值,0.0,当前经济条件不适用估值,0.0,当前经济条件不适用估值,0.0,当前经济条件不适用估值,"{""_applicable"":""no"",""_decision_missing_dimensions"":[],""_evidence"":""complete"",""_scope"":""当前经济条件不适用估值"",""_score_quality"":""模型不适用，0分不是结论"",""_status"":""not_applicable""}",5.1,False,True,2.94,产业聚合增速1.6%,2.0,最新同口径利润恶化,8.0,量价冷度;60日-20.4%…,9.0,当前PB/行业0.5倍,"{""_applicable"":""yes"",""_coverage"":""公司3年连续财务数据;同行市净率"",""_decision_missing_dimensions"":[],""_evidence"":""complete"",""_score_quality"":""完整证据评分"",""_status"":""vetoed"",""_veto"":""产业与公司热度平均须>4""}",3.8,False,False,4.3,盈利能力与同行数据,2.0,最新同口径利润降幅≥50%,1.5,投入回报率减资金成本=-7.5%,5.0,弱代理2.0分:最新同口径利润降幅≥5…,7.7,行业与估值数据,"{""_applicable"":""yes"",""_decision_missing_dimensions"":[""3b"",""3d""],""_evidence"":""incomplete"",""_missing"":""缺增长质量/增长持续性证据"",""_score_quality"":""证据不足，分数仅供诊断"",""_status"":""insufficient_evidence""}",0.0,False,False,0.0,当前经济条件不适用估值,0.0,当前经济条件不适用估值,0.0,当前经济条件不适用估值,0.0,当前经济条件不适用估值,0.0,当前经济条件不适用估值,0.0,当前经济条件不适用估值,"{""_applicable"":""no"",""_decision_missing_dimensions"":[],""_evidence"":""complete"",""_scope"":""当前经济条件不适用估值"",""_score_quality"":""模型不适用，0分不是结论"",""_status"":""not_applicable""}",0.0,False,False,0.0,非强周期标的，适用其他框架,0.0,非强周期标的，适用其他框架,0.0,非强周期标的，适用其他框架,0.0,非强周期标的，适用其他框架,0.0,非强周期标的，适用其他框架,"{""_applicable"":""no"",""_decision_missing_dimensions"":[],""_evidence"":""complete"",""_scope"":""非强周期标的，适用其他框架"",""_score_quality"":""模型不适用，0分不是结论"",""_status"":""not_applicable""}",4.4,False,True,3.0,产业增速1.6%,4.4,研发与经营数据,6.4,经营效率与现金流数据,2.0,最新同口径利润降幅≥50%,9.0,"建议单票≤3%,组合≤15%","{""_applicable"":""yes"",""_condition"":""须确认实际仓位符合建议上限"",""_decision_missing_dimensions"":[],""_evidence"":""complete"",""_profile"":""平稳产业反转型"",""_risk"":""最坏归零时组合最大损失≤3%"",""_score_quality"":""完整证据评分"",""_status"":""vetoed"",""_veto"":""仅1项核心证据≥5""}",4.1,False,False,4.575,长期质量回报45.75,3.708,产业质量估值37.08,3.92,商业安全39.20；边际5.2,"{""_applicable"":""yes"",""_condition"":""补全全部缺失证据后仍至少一套不超过70"",""_decision_missing_dimensions"":[""7a"",""7b"",""7c""],""_evidence"":""incomplete"",""_missing"":""核心必需子项不完整或覆盖不足80%"",""_status"":""not_triggered""}",跳过,economic_not_applicable,nonpositive_pessimistic_equity_value,,,,,,,,{},,,,,,
300795,米奥会展,MEDIA,无触发（不买）,7️⃣ 优质股权型,4.9,,True,_condition 4.12分:补全全部缺失证据后仍至少一套不超过70；7b 4.12分:产业质量估值41.22；7a 4.84分:长期质量回报48.38,3.9,False,True,1.5,远离买入区367%,9.0,五项满分4项,1.0,FCF1.4%;末6386.12万,1.0,最新报告期利润为负,"{""_applicable"":""yes"",""_condition"":""须进入模型买入区"",""_decision_missing_dimensions"":[],""_evidence"":""complete"",""_score_quality"":""完整证据评分"",""_status"":""vetoed"",""_veto"":""买入区深度不足""}",3.0,False,True,3.42,产业聚合增速2.4%,2.0,最新同口径现金恶化,4.7,量价冷度;60日2.2%…,1.69,当前PB/行业2.3倍,"{""_applicable"":""yes"",""_condition"":""估值须合理或满足强周期修正"",""_coverage"":""公司3年连续财务数据;同行市净率"",""_decision_missing_dimensions"":[],""_evidence"":""complete"",""_score_quality"":""完整证据评分"",""_status"":""vetoed"",""_veto"":""产业与公司热度平均须>4""}",0.0,False,False,0.0,趋势增速不足10%,0.0,趋势增速不足10%,0.0,趋势增速不足10%,0.0,趋势增速不足10%,0.0,趋势增速不足10%,"{""_applicable"":""no"",""_decision_missing_dimensions"":[],""_evidence"":""complete"",""_scope"":""趋势增速不足10%"",""_score_quality"":""模型不适用，0分不是结论"",""_status"":""not_applicable""}",2.8,False,False,1.5,增长趋势与同行数据,2.0,最新报告期利润为负,6.4,多年盈利稳定性数据,0.0,价格/10年中性终局4.3倍,8.5,行业营收与利润数据,0.0,乐观上沿透支30年+,"{""_4f_formula"":""opt_upper_v1"",""_applicable"":""yes"",""_decision_missing_dimensions"":[],""_evidence"":""complete"",""_score_quality"":""完整证据评分"",""_status"":""not_triggered""}",0.0,False,False,0.0,非强周期标的，适用其他框架,0.0,非强周期标的，适用其他框架,0.0,非强周期标的，适用其他框架,0.0,非强周期标的，适用其他框架,0.0,非强周期标的，适用其他框架,"{""_applicable"":""no"",""_decision_missing_dimensions"":[],""_evidence"":""complete"",""_scope"":""非强周期标的，适用其他框架"",""_score_quality"":""模型不适用，0分不是结论"",""_status"":""not_applicable""}",0.0,False,False,0.0,公司并非亏损或净利率≤5%的微利标的,0.0,公司并非亏损或净利率≤5%的微利标的,0.0,公司并非亏损或净利率≤5%的微利标的,0.0,公司并非亏损或净利率≤5%的微利标的,0.0,公司并非亏损或净利率≤5%的微利标的,"{""_applicable"":""no"",""_decision_missing_dimensions"":[],""_evidence"":""complete"",""_scope"":""公司并非亏损或净利率≤5%的微利标的"",""_score_quality"":""模型不适用，0分不是结论"",""_status"":""not_applicable""}",4.9,False,False,4.838,长期质量回报48.38,4.122,产业质量估值41.22,5.796,商业安全57.96；边际9.7,"{""_applicable"":""yes"",""_condition"":""补全全部缺失证据后仍至少一套不超过70"",""_decision_missing_dimensions"":[""7a"",""7b"",""7c""],""_evidence"":""incomplete"",""_missing"":""核心必需子项不完整或覆盖不足80%"",""_status"":""not_triggered""}",有效,,,卖出区,11.07,2.372966086980033,2.812841596607277,-390.33,0.1252,47814825.81,"{""neutral"":{""current_period_growth_cap_basis"":""missing_current_period_conservative_cap"",""forecast_years"":5,""growth"":-0.1,""growth_evidence"":""historical_cagr_and_trend"",""margin_retention"":0.6,""structural_decline_evidence"":null,""terminal_g"":0.01,""wacc_base"":0.1252254360008655},""optimistic"":{""current_period_growth_cap_basis"":""missing_current_period_conservative_cap"",""forecast_years"":5,""growth"":0.0,""growth_evidence"":""historical_cagr_and_trend"",""margin_retention"":0.85,""structural_decline_evidence"":null,""terminal_g"":0.02,""wacc_base"":0.1202254360008655},""pessimistic"":{""current_period_growth_cap_basis"":""missing_current_period_conservative_cap"",""forecast_years"":5,""growth"":-0.2,""growth_evidence"":""historical_cagr_and_trend"",""margin_retention"":0.4,""structural_decline_evidence"":null,""terminal_g"":0.0,""wacc_base"":0.1352254360008655}}",2.235850940874645,2.257649099317441,2.488283074642625,2.5369956272855885,3.088687565928966,3.215223595595553
300957,贝泰妮,LIGHT_MFG,无触发（不买）,2️⃣ 两热一冷,5.5,,True,2a 3.09分:产业聚合增速1.8%；2d 5.15分:当前PB/行业1.2倍；2b 6.0分:拐点3项:现金流支撑+最新同口径营收增,4.7,False,True,1.5,远离买入区312%,8.0,五项满分3项,3.4,FCF3.7%;末9.57亿,5.3,财务趋势与同行数据,"{""_applicable"":""yes"",""_condition"":""须进入模型买入区"",""_decision_missing_dimensions"":[],""_evidence"":""complete"",""_score_quality"":""完整证据评分"",""_status"":""vetoed"",""_veto"":""买入区深度不足""}",5.5,False,False,3.09,产业聚合增速1.8%,6.0,拐点3项:现金流支撑+最新同口径营收增,7.6,量价冷度;60日-25.4%…,5.15,当前PB/行业1.2倍,"{""_applicable"":""yes"",""_coverage"":""公司3年连续财务数据;同行市净率"",""_decision_missing_dimensions"":[],""_evidence"":""complete"",""_score_quality"":""完整证据评分"",""_status"":""observe""}",0.0,False,False,0.0,趋势增速不足10%,0.0,趋势增速不足10%,0.0,趋势增速不足10%,0.0,趋势增速不足10%,0.0,趋势增速不足10%,"{""_applicable"":""no"",""_decision_missing_dimensions"":[],""_evidence"":""complete"",""_scope"":""趋势增速不足10%"",""_score_quality"":""模型不适用，0分不是结论"",""_status"":""not_applicable""}",3.5,False,False,1.5,增长趋势与同行数据,5.3,净5/毛10/现5/ROIC1,6.0,多年盈利稳定性数据,0.0,价格/10年中性终局3.3倍,7.7,行业营收与利润数据,0.0,乐观上沿透支30年+,"{""_4f_formula"":""opt_upper_v1"",""_applicable"":""yes"",""_decision_missing_dimensions"":[],""_evidence"":""complete"",""_score_quality"":""完整证据评分"",""_status"":""not_triggered""}",0.0,False,False,0.0,非强周期标的，适用其他框架,0.0,非强周期标的，适用其他框架,0.0,非强周期标的，适用其他框架,0.0,非强周期标的，适用其他框架,0.0,非强周期标的，适用其他框架,"{""_applicable"":""no"",""_decision_missing_dimensions"":[],""_evidence"":""complete"",""_scope"":""非强周期标的，适用其他框架"",""_score_quality"":""模型不适用，0分不是结论"",""_status"":""not_applicable""}",0.0,False,False,0.0,平稳产业反转型市值超过100亿元,0.0,平稳产业反转型市值超过100亿元,0.0,平稳产业反转型市值超过100亿元,0.0,平稳产业反转型市值超过100亿元,0.0,平稳产业反转型市值超过100亿元,"{""_applicable"":""no"",""_decision_missing_dimensions"":[],""_evidence"":""complete"",""_scope"":""平稳产业反转型市值超过100亿元"",""_score_quality"":""模型不适用，0分不是结论"",""_status"":""not_applicable""}",4.5,False,False,4.448,长期质量回报44.48,4.016,产业质量估值40.16,5.045,商业安全50.45；边际8.2,"{""_applicable"":""yes"",""_condition"":""补全全部缺失证据后仍至少一套不超过70"",""_decision_missing_dimensions"":[""7a"",""7b"",""7c""],""_evidence"":""incomplete"",""_missing"":""核心必需子项不完整或覆盖不足80%"",""_status"":""not_triggered""}",有效,,,卖出区,31.46,7.64452906883009,11.600859611689428,-377.6,0.1137,493606480.03000003,"{""neutral"":{""current_period_growth_cap_basis"":""missing_current_period_conservative_cap"",""forecast_years"":5,""growth"":-0.1,""growth_evidence"":""historical_cagr_and_trend"",""margin_retention"":0.6,""structural_decline_evidence"":null,""terminal_g"":0.01,""wacc_base"":0.11367318853413566},""optimistic"":{""current_period_growth_cap_basis"":""missing_current_period_conservative_cap"",""forecast_years"":5,""growth"":0.0,""growth_evidence"":""historical_cagr_and_trend"",""margin_retention"":0.85,""structural_decline_evidence"":null,""terminal_g"":0.02,""wacc_base"":0.10867318853413566},""pessimistic"":{""current_period_growth_cap_basis"":""missing_current_period_conservative_cap"",""forecast_years"":5,""growth"":-0.2,""growth_evidence"":""historical_cagr_and_trend"",""margin_retention"":0.4,""structural_decline_evidence"":null,""terminal_g"":0.0,""wacc_base"":0.12367318853413566}}",6.455114596760439,6.587143842828994,8.701914294831187,9.091965505391267,14.109753717987589,15.286017359700594
300964,本川智能,ELEC_COMPONENT,无触发（不买）,6️⃣ 高风险早期/困境型,5.5,,False,_condition 2.0分:须确认实际仓位符合建议上限；6d 2.0分:最新同口径经营现金流转负；6b 3.9分:研发与经营数据,0.0,False,False,0.0,当前经济条件不适用估值,0.0,当前经济条件不适用估值,0.0,当前经济条件不适用估值,0.0,当前经济条件不适用估值,"{""_applicable"":""no"",""_decision_missing_dimensions"":[],""_evidence"":""complete"",""_scope"":""当前经济条件不适用估值"",""_score_quality"":""模型不适用，0分不是结论"",""_status"":""not_applicable""}",5.1,False,False,7.5,产业聚合增速16.3%,2.0,最新同口径现金恶化,4.7,量价冷度;60日0.6%…,7.36,归母利润趋势PEG1.2,"{""_applicable"":""yes"",""_coverage"":""公司3年连续财务数据;盈利趋势PEG"",""_decision_missing_dimensions"":[],""_evidence"":""complete"",""_score_quality"":""完整证据评分"",""_status"":""observe""}",3.0,False,True,2.5,盈利能力与同行数据,2.0,最新同口径经营现金流转负,1.5,投入回报率减资金成本=-11.5%,5.0,弱代理2.0分:最新同口径经营现金流转负,4.7,行业与估值数据,"{""_applicable"":""yes"",""_decision_missing_dimensions"":[""3b"",""3d""],""_evidence"":""incomplete"",""_missing"":""缺增长质量/增长持续性证据"",""_score_quality"":""证据不足，分数仅供诊断"",""_status"":""vetoed"",""_veto"":""护城河证据不足""}",0.0,False,False,0.0,当前经济条件不适用估值,0.0,当前经济条件不适用估值,0.0,当前经济条件不适用估值,0.0,当前经济条件不适用估值,0.0,当前经济条件不适用估值,0.0,当前经济条件不适用估值,"{""_applicable"":""no"",""_decision_missing_dimensions"":[],""_evidence"":""complete"",""_scope"":""当前经济条件不适用估值"",""_score_quality"":""模型不适用，0分不是结论"",""_status"":""not_applicable""}",0.0,False,False,0.0,非强周期标的，适用其他框架,0.0,非强周期标的，适用其他框架,0.0,非强周期标的，适用其他框架,0.0,非强周期标的，适用其他框架,0.0,非强周期标的，适用其他框架,"{""_applicable"":""no"",""_decision_missing_dimensions"":[],""_evidence"":""complete"",""_scope"":""非强周期标的，适用其他框架"",""_score_quality"":""模型不适用，0分不是结论"",""_status"":""not_applicable""}",5.5,False,False,6.0,产业增速16.3%,3.9,研发与经营数据,8.0,经营效率与现金流数据,2.0,最新同口径经营现金流转负,10.0,"建议单票≤1%,组合≤8%","{""_applicable"":""yes"",""_condition"":""须确认实际仓位符合建议上限"",""_decision_missing_dimensions"":[],""_evidence"":""complete"",""_profile"":""高景气技术型"",""_risk"":""最坏归零时组合最大损失≤1%"",""_score_quality"":""完整证据评分"",""_status"":""observe""}",4.3,False,False,4.42,长期质量回报44.20,4.209,产业质量估值42.09,4.226,商业安全42.26；边际6.0,"{""_applicable"":""yes"",""_condition"":""补全全部缺失证据后仍至少一套不超过70"",""_decision_missing_dimensions"":[""7a"",""7b"",""7c""],""_evidence"":""incomplete"",""_missing"":""核心必需子项不完整或覆盖不足80%"",""_status"":""not_triggered""}",跳过,economic_not_applicable,ttm_fcff_nonpositive,,,,,,,,{},,,,,,
301004,嘉益股份,LIGHT_MFG,无触发（不买）,7️⃣ 优质股权型,5.4,,True,_condition 4.28分:补全全部缺失证据后仍至少一套不超过70；7b 4.28分:产业质量估值42.77；7a 5.87分:长期质量回报58.73,3.9,False,True,1.5,远离买入区447%,7.0,五项满分3项,5.1,FCF5.2%;末4.65亿,0.0,最新同口径利润降幅≥50%,"{""_applicable"":""yes"",""_condition"":""须进入模型买入区"",""_decision_missing_dimensions"":[],""_evidence"":""complete"",""_score_quality"":""完整证据评分"",""_status"":""vetoed"",""_veto"":""买入区深度不足""}",4.2,False,True,3.05,产业聚合增速1.8%,2.0,拐点1项:现金流支撑,8.0,量价冷度;60日-33.8%…,4.06,当前PB/行业1.5倍,"{""_applicable"":""yes"",""_condition"":""估值须合理或满足强周期修正"",""_coverage"":""公司3年连续财务数据;同行市净率"",""_decision_missing_dimensions"":[],""_evidence"":""complete"",""_score_quality"":""完整证据评分"",""_status"":""vetoed"",""_veto"":""产业与公司热度平均须>4""}",5.8,False,False,7.6,盈利能力与同行数据,2.0,最新同口径利润降幅≥50%,7.5,投入回报率减资金成本=8.0%,5.0,弱代理2.0分:最新同口径利润降幅≥5…,7.7,行业与估值数据,"{""_applicable"":""yes"",""_decision_missing_dimensions"":[""3b"",""3d""],""_evidence"":""incomplete"",""_missing"":""缺增长质量/增长持续性证据"",""_score_quality"":""证据不足，分数仅供诊断"",""_status"":""insufficient_evidence""}",2.7,False,False,1.5,增长趋势与同行数据,2.0,最新同口径利润降幅≥50%,6.0,多年盈利稳定性数据,0.0,价格/10年中性终局3.7倍,7.7,行业营收与利润数据,0.0,乐观上沿透支30年+,"{""_4f_formula"":""opt_upper_v1"",""_applicable"":""yes"",""_decision_missing_dimensions"":[],""_evidence"":""complete"",""_score_quality"":""完整证据评分"",""_status"":""not_triggered""}",0.0,False,False,0.0,非强周期标的，适用其他框架,0.0,非强周期标的，适用其他框架,0.0,非强周期标的，适用其他框架,0.0,非强周期标的，适用其他框架,0.0,非强周期标的，适用其他框架,"{""_applicable"":""no"",""_decision_missing_dimensions"":[],""_evidence"":""complete"",""_scope"":""非强周期标的，适用其他框架"",""_score_quality"":""模型不适用，0分不是结论"",""_status"":""not_applicable""}",0.0,False,False,0.0,公司并非亏损或净利率≤5%的微利标的,0.0,公司并非亏损或净利率≤5%的微利标的,0.0,公司并非亏损或净利率≤5%的微利标的,0.0,公司并非亏损或净利率≤5%的微利标的,0.0,公司并非亏损或净利率≤5%的微利标的,"{""_applicable"":""no"",""_decision_missing_dimensions"":[],""_evidence"":""complete"",""_scope"":""公司并非亏损或净利率≤5%的微利标的"",""_score_quality"":""模型不适用，0分不是结论"",""_status"":""not_applicable""}",5.4,False,False,5.873,长期质量回报58.73,4.277,产业质量估值42.77,6.094,商业安全60.94；边际10.2,"{""_applicable"":""yes"",""_condition"":""补全全部缺失证据后仍至少一套不超过70"",""_decision_missing_dimensions"":[""7a"",""7b"",""7c""],""_evidence"":""incomplete"",""_missing"":""核心必需子项不完整或覆盖不足80%"",""_status"":""not_triggered""}",有效,,,卖出区,32.57,5.9566657767414775,11.74326462968585,-650.41,0.1145,247002806.7588,"{""neutral"":{""current_period_growth_cap_basis"":""current_period_severe_deterioration"",""forecast_years"":5,""growth"":-0.1,""growth_evidence"":""historical_cagr_and_trend"",""margin_retention"":0.6,""structural_decline_evidence"":null,""terminal_g"":0.01,""wacc_base"":0.1144727024339048},""optimistic"":{""current_period_growth_cap_basis"":""current_period_severe_deterioration"",""forecast_years"":5,""growth"":0.0,""growth_evidence"":""historical_cagr_and_trend"",""margin_retention"":0.85,""structural_decline_evidence"":null,""terminal_g"":0.02,""wacc_base"":0.10947270243390479},""pessimistic"":{""current_period_growth_cap_basis"":""current_period_severe_deterioration"",""forecast_years"":5,""growth"":-0.2,""growth_evidence"":""historical_cagr_and_trend"",""margin_retention"":0.4,""structural_decline_evidence"":null,""terminal_g"":0.0,""wacc_base"":0.12447270243390479}}",4.167179502262305,4.340304823343097,7.573026730139857,8.13178925522987,15.354740004141828,17.034454080295173
301072,中捷精工,AUTO_VEHICLE,无触发（不买）,6️⃣ 高风险早期/困境型,4.5,,False,_veto 3.0分:仅1项核心证据≥5；_condition 3.0分:须确认实际仓位符合建议上限；6a 3.0分:产业增速7.4%,0.0,False,False,0.0,当前经济条件不适用估值,0.0,当前经济条件不适用估值,0.0,当前经济条件不适用估值,0.0,当前经济条件不适用估值,"{""_applicable"":""no"",""_decision_missing_dimensions"":[],""_evidence"":""complete"",""_scope"":""当前经济条件不适用估值"",""_score_quality"":""模型不适用，0分不是结论"",""_status"":""not_applicable""}",2.9,False,True,5.68,产业聚合增速7.4%,2.0,年度利润暴跌,2.3,量价冷度;60日44.9%…,1.68,当前PB/行业2.3倍,"{""_applicable"":""yes"",""_condition"":""估值须合理或满足强周期修正"",""_coverage"":""公司3年连续财务数据;同行市净率"",""_decision_missing_dimensions"":[],""_evidence"":""complete"",""_score_quality"":""完整证据评分"",""_status"":""vetoed"",""_veto"":""产业与公司热度平均须>4""}",0.0,False,False,0.0,趋势增速不足10%,0.0,趋势增速不足10%,0.0,趋势增速不足10%,0.0,趋势增速不足10%,0.0,趋势增速不足10%,"{""_applicable"":""no"",""_decision_missing_dimensions"":[],""_evidence"":""complete"",""_scope"":""趋势增速不足10%"",""_score_quality"":""模型不适用，0分不是结论"",""_status"":""not_applicable""}",0.0,False,False,0.0,当前经济条件不适用估值,0.0,当前经济条件不适用估值,0.0,当前经济条件不适用估值,0.0,当前经济条件不适用估值,0.0,当前经济条件不适用估值,0.0,当前经济条件不适用估值,"{""_applicable"":""no"",""_decision_missing_dimensions"":[],""_evidence"":""complete"",""_scope"":""当前经济条件不适用估值"",""_score_quality"":""模型不适用，0分不是结论"",""_status"":""not_applicable""}",0.0,False,False,0.0,非强周期标的，适用其他框架,0.0,非强周期标的，适用其他框架,0.0,非强周期标的，适用其他框架,0.0,非强周期标的，适用其他框架,0.0,非强周期标的，适用其他框架,"{""_applicable"":""no"",""_decision_missing_dimensions"":[],""_evidence"":""complete"",""_scope"":""非强周期标的，适用其他框架"",""_score_quality"":""模型不适用，0分不是结论"",""_status"":""not_applicable""}",4.5,False,True,3.0,产业增速7.4%,4.7,研发与经营数据,5.0,经营效率与现金流数据,3.0,困境反转未验证,9.0,"建议单票≤3%,组合≤15%","{""_applicable"":""yes"",""_condition"":""须确认实际仓位符合建议上限"",""_decision_missing_dimensions"":[],""_evidence"":""complete"",""_profile"":""平稳产业反转型"",""_risk"":""最坏归零时组合最大损失≤3%"",""_score_quality"":""完整证据评分"",""_status"":""vetoed"",""_veto"":""仅1项核心证据≥5""}",3.4,False,False,3.719,长期质量回报37.19,3.258,产业质量估值32.58,3.087,商业安全30.87；边际5.6,"{""_applicable"":""yes"",""_condition"":""补全全部缺失证据后仍至少一套不超过70"",""_decision_missing_dimensions"":[""7a"",""7b"",""7c""],""_evidence"":""incomplete"",""_missing"":""核心必需子项不完整或覆盖不足80%"",""_status"":""not_triggered""}",跳过,economic_not_applicable,ttm_fcff_nonpositive_normalised,,,,,,,,{},,,,,,
301080,百普赛斯,MEDICAL_SERVICE,无触发（不买）,2️⃣ 两热一冷,4.7,,True,_condition 1.0分:估值须合理或满足强周期修正；2d 1.0分:归母利润趋势PEG25.8；2a 2.78分:产业聚合增速1.3%,3.0,False,True,1.5,远离买入区315%,6.0,五项满分2项,1.0,FCF1.5%;末1.41亿,1.6,财务趋势与同行数据,"{""_applicable"":""yes"",""_condition"":""须进入模型买入区"",""_decision_missing_dimensions"":[""1b""],""_evidence"":""incomplete"",""_missing"":""缺价值陷阱证据"",""_score_quality"":""证据不足，分数仅供诊断"",""_status"":""vetoed"",""_veto"":""买入区深度不足""}",4.7,False,False,2.78,产业聚合增速1.3%,9.0,拐点4项:营收加速+现金流支撑,4.4,量价冷度;60日14.5%…,1.0,归母利润趋势PEG25.8,"{""_applicable"":""yes"",""_condition"":""估值须合理或满足强周期修正"",""_coverage"":""公司3年连续财务数据;盈利趋势PEG"",""_decision_missing_dimensions"":[],""_evidence"":""complete"",""_score_quality"":""完整证据评分"",""_status"":""not_triggered""}",4.3,False,False,5.1,盈利能力与同行数据,5.0,质代8;扣非0.94/稀释0.0%,1.5,投入回报率减资金成本=-4.5%,5.0,弱代理4.0分:增速趋势减速-8.1%,4.4,行业与估值数据,"{""_applicable"":""yes"",""_decision_missing_dimensions"":[""3b"",""3d""],""_evidence"":""incomplete"",""_missing"":""缺增长质量/增长持续性证据"",""_score_quality"":""证据不足，分数仅供诊断"",""_status"":""insufficient_evidence""}",3.8,False,False,1.5,增长趋势与同行数据,5.1,净8/毛10/现1/ROIC1,6.0,多年盈利稳定性数据,0.0,价格/10年中性终局2.9倍,8.3,行业营收与利润数据,4.0,乐观上沿透支8年,"{""_4f_formula"":""opt_upper_v1"",""_applicable"":""yes"",""_decision_missing_dimensions"":[],""_evidence"":""complete"",""_score_quality"":""完整证据评分"",""_status"":""not_triggered""}",0.0,False,False,0.0,非强周期标的，适用其他框架,0.0,非强周期标的，适用其他框架,0.0,非强周期标的，适用其他框架,0.0,非强周期标的，适用其他框架,0.0,非强周期标的，适用其他框架,"{""_applicable"":""no"",""_decision_missing_dimensions"":[],""_evidence"":""complete"",""_scope"":""非强周期标的，适用其他框架"",""_score_quality"":""模型不适用，0分不是结论"",""_status"":""not_applicable""}",0.0,False,False,0.0,公司并非亏损或净利率≤5%的微利标的,0.0,公司并非亏损或净利率≤5%的微利标的,0.0,公司并非亏损或净利率≤5%的微利标的,0.0,公司并非亏损或净利率≤5%的微利标的,0.0,公司并非亏损或净利率≤5%的微利标的,"{""_applicable"":""no"",""_decision_missing_dimensions"":[],""_evidence"":""complete"",""_scope"":""公司并非亏损或净利率≤5%的微利标的"",""_score_quality"":""模型不适用，0分不是结论"",""_status"":""not_applicable""}",4.7,False,False,5.273,长期质量回报52.73,4.322,产业质量估值43.22,4.6,商业安全46.00；边际8.3,"{""_applicable"":""yes"",""_condition"":""补全全部缺失证据后仍至少一套不超过70"",""_decision_missing_dimensions"":[""7a"",""7b"",""7c""],""_evidence"":""incomplete"",""_missing"":""核心必需子项不完整或覆盖不足80%"",""_status"":""not_triggered""}",有效,,,卖出区,52.22,12.574620422074545,24.5513956291964,-492.59,0.0875,133081995.82650001,"{""neutral"":{""current_period_growth_cap_basis"":""no_current_period_downward_cap"",""forecast_years"":5,""growth"":0.15,""growth_evidence"":""historical_cagr_and_trend"",""margin_retention"":0.6,""structural_decline_evidence"":null,""terminal_g"":0.01,""wacc_base"":0.08745249345557791},""optimistic"":{""current_period_growth_cap_basis"":""no_current_period_downward_cap"",""forecast_years"":5,""growth"":0.25,""growth_evidence"":""historical_cagr_and_trend"",""margin_retention"":0.85,""structural_decline_evidence"":null,""terminal_g"":0.02,""wacc_base"":0.08245249345557791},""pessimistic"":{""current_period_growth_cap_basis"":""no_current_period_downward_cap"",""forecast_years"":5,""growth"":-0.05,""growth_evidence"":""historical_cagr_and_trend"",""margin_retention"":0.4,""structural_decline_evidence"":null,""terminal_g"":0.0,""wacc_base"":0.09745249345557791}}",8.53556758166785,8.812161484821933,16.337079359327156,17.879207342143406,31.22358391624939,36.092066682340324
301087,可孚医疗,MEDICAL_SERVICE,无触发（不买）,7️⃣ 优质股权型,4.7,,True,_condition 4.38分:补全全部缺失证据后仍至少一套不超过70；7b 4.38分:产业质量估值43.76；7a 4.78分:长期质量回报47.77,4.3,False,True,1.5,远离买入区222%,8.0,五项满分3项,3.6,FCF4.3%;末5.46亿,2.5,最新同口径经营现金流同比下降,"{""_applicable"":""yes"",""_condition"":""须进入模型买入区"",""_decision_missing_dimensions"":[],""_evidence"":""complete"",""_score_quality"":""完整证据评分"",""_status"":""vetoed"",""_veto"":""买入区深度不足""}",4.4,False,False,2.78,产业聚合增速1.3%,6.0,"最新同口径经营现金流下滑,拐点封顶",4.9,量价冷度;60日-0.6%…,3.24,归母利润趋势PEG2.4,"{""_applicable"":""yes"",""_condition"":""估值须合理或满足强周期修正"",""_coverage"":""公司3年连续财务数据;盈利趋势PEG"",""_decision_missing_dimensions"":[],""_evidence"":""complete"",""_score_quality"":""完整证据评分"",""_status"":""not_triggered""}",0.0,False,False,0.0,趋势增速不足10%,0.0,趋势增速不足10%,0.0,趋势增速不足10%,0.0,趋势增速不足10%,0.0,趋势增速不足10%,"{""_applicable"":""no"",""_decision_missing_dimensions"":[],""_evidence"":""complete"",""_scope"":""趋势增速不足10%"",""_score_quality"":""模型不适用，0分不是结论"",""_status"":""not_applicable""}",4.1,False,False,1.5,增长趋势与同行数据,5.7,最新同口径经营现金流同比下降,5.6,多年盈利稳定性数据,0.43,价格/10年中性终局2.3倍,8.3,行业营收与利润数据,6.0,乐观上沿透支6年,"{""_4f_formula"":""opt_upper_v1"",""_applicable"":""yes"",""_decision_missing_dimensions"":[],""_evidence"":""complete"",""_score_quality"":""完整证据评分"",""_status"":""not_triggered""}",0.0,False,False,0.0,非强周期标的，适用其他框架,0.0,非强周期标的，适用其他框架,0.0,非强周期标的，适用其他框架,0.0,非强周期标的，适用其他框架,0.0,非强周期标的，适用其他框架,"{""_applicable"":""no"",""_decision_missing_dimensions"":[],""_evidence"":""complete"",""_scope"":""非强周期标的，适用其他框架"",""_score_quality"":""模型不适用，0分不是结论"",""_status"":""not_applicable""}",0.0,False,False,0.0,平稳产业反转型市值超过100亿元,0.0,平稳产业反转型市值超过100亿元,0.0,平稳产业反转型市值超过100亿元,0.0,平稳产业反转型市值超过100亿元,0.0,平稳产业反转型市值超过100亿元,"{""_applicable"":""no"",""_decision_missing_dimensions"":[],""_evidence"":""complete"",""_scope"":""平稳产业反转型市值超过100亿元"",""_score_quality"":""模型不适用，0分不是结论"",""_status"":""not_applicable""}",4.7,False,False,4.777,长期质量回报47.77,4.376,产业质量估值43.76,4.801,商业安全48.01；边际8.6,"{""_applicable"":""yes"",""_condition"":""补全全部缺失证据后仍至少一套不超过70"",""_decision_missing_dimensions"":[""7a"",""7b"",""7c""],""_evidence"":""incomplete"",""_missing"":""核心必需子项不完整或覆盖不足80%"",""_status"":""not_triggered""}",有效,,,卖出区,53.73,16.702063830467623,33.177700275165954,-311.55,0.0891,542896603.53,"{""neutral"":{""current_period_growth_cap_basis"":""current_period_weakening"",""forecast_years"":5,""growth"":0.0,""growth_evidence"":""historical_cagr_and_trend"",""margin_retention"":0.6,""structural_decline_evidence"":null,""terminal_g"":0.01,""wacc_base"":0.0890889296427449},""optimistic"":{""current_period_growth_cap_basis"":""current_period_weakening"",""forecast_years"":5,""growth"":0.1,""growth_evidence"":""historical_cagr_and_trend"",""margin_retention"":0.85,""structural_decline_evidence"":null,""terminal_g"":0.02,""wacc_base"":0.08408892964274489},""pessimistic"":{""current_period_growth_cap_basis"":""current_period_weakening"",""forecast_years"":5,""growth"":-0.05,""growth_evidence"":""historical_cagr_and_trend"",""margin_retention"":0.4,""structural_decline_evidence"":null,""terminal_g"":0.0,""wacc_base"":0.09908892964274489}}",12.278276640551685,13.055372114925797,20.34875554600945,22.514996167988283,43.84040438234362,50.95534029610972
301097,天益医疗,MEDICAL_SERVICE,无触发（不买）,6️⃣ 高风险早期/困境型,5.3,,False,_condition 3.0分:须确认实际仓位符合建议上限；6a 3.0分:产业增速1.3%；6d 4.0分:最新同口径经营现金流同比下降,0.0,False,False,0.0,当前经济条件不适用估值,0.0,当前经济条件不适用估值,0.0,当前经济条件不适用估值,0.0,当前经济条件不适用估值,"{""_applicable"":""no"",""_decision_missing_dimensions"":[],""_evidence"":""complete"",""_scope"":""当前经济条件不适用估值"",""_score_quality"":""模型不适用，0分不是结论"",""_status"":""not_applicable""}",4.5,False,True,2.78,产业聚合增速1.3%,2.0,年度利润暴跌,7.9,量价冷度;60日-25.8%…,6.19,当前PB/行业1.0倍,"{""_applicable"":""yes"",""_coverage"":""公司3年连续财务数据;同行市净率"",""_decision_missing_dimensions"":[],""_evidence"":""complete"",""_score_quality"":""完整证据评分"",""_status"":""vetoed"",""_veto"":""产业与公司热度平均须>4""}",3.9,False,True,2.1,盈利能力与同行数据,5.0,最新同口径经营现金流同比下降,1.5,投入回报率减资金成本=-10.4%,5.0,弱代理2.0分:最新同口径经营现金流同…,7.9,行业与估值数据,"{""_applicable"":""yes"",""_decision_missing_dimensions"":[""3b"",""3d""],""_evidence"":""incomplete"",""_missing"":""缺增长质量/增长持续性证据"",""_score_quality"":""证据不足，分数仅供诊断"",""_status"":""vetoed"",""_veto"":""护城河证据不足""}",0.0,False,False,0.0,当前经济条件不适用估值,0.0,当前经济条件不适用估值,0.0,当前经济条件不适用估值,0.0,当前经济条件不适用估值,0.0,当前经济条件不适用估值,0.0,当前经济条件不适用估值,"{""_applicable"":""no"",""_decision_missing_dimensions"":[],""_evidence"":""complete"",""_scope"":""当前经济条件不适用估值"",""_score_quality"":""模型不适用，0分不是结论"",""_status"":""not_applicable""}",0.0,False,False,0.0,非强周期标的，适用其他框架,0.0,非强周期标的，适用其他框架,0.0,非强周期标的，适用其他框架,0.0,非强周期标的，适用其他框架,0.0,非强周期标的，适用其他框架,"{""_applicable"":""no"",""_decision_missing_dimensions"":[],""_evidence"":""complete"",""_scope"":""非强周期标的，适用其他框架"",""_score_quality"":""模型不适用，0分不是结论"",""_status"":""not_applicable""}",5.3,False,False,3.0,产业增速1.3%,6.4,研发与经营数据,6.1,经营效率与现金流数据,4.0,最新同口径经营现金流同比下降,9.0,"建议单票≤3%,组合≤15%","{""_applicable"":""yes"",""_condition"":""须确认实际仓位符合建议上限"",""_decision_missing_dimensions"":[],""_evidence"":""complete"",""_profile"":""平稳产业反转型"",""_risk"":""最坏归零时组合最大损失≤3%"",""_score_quality"":""完整证据评分"",""_status"":""observe""}",3.6,False,False,3.912,长期质量回报39.12,3.864,产业质量估值38.64,3.143,商业安全31.43；边际4.9,"{""_applicable"":""yes"",""_condition"":""补全全部缺失证据后仍至少一套不超过70"",""_decision_missing_dimensions"":[""7a"",""7b"",""7c""],""_evidence"":""incomplete"",""_missing"":""核心必需子项不完整或覆盖不足80%"",""_status"":""not_triggered""}",跳过,economic_not_applicable,ttm_fcff_nonpositive,,,,,,,,{},,,,,,
301395,仁信新材,CHEMICAL,无触发（不买）,2️⃣ 两热一冷,4.6,,False,_veto 1.0分:产业与公司热度平均须>4；2b 1.0分:拐点证据不足；2a 2.81分:产业聚合增速1.3%,0.0,False,False,0.0,当前经济条件不适用估值,0.0,当前经济条件不适用估值,0.0,当前经济条件不适用估值,0.0,当前经济条件不适用估值,"{""_applicable"":""no"",""_decision_missing_dimensions"":[],""_evidence"":""complete"",""_scope"":""当前经济条件不适用估值"",""_score_quality"":""模型不适用，0分不是结论"",""_status"":""not_applicable""}",4.6,False,True,2.81,产业聚合增速1.3%,1.0,拐点证据不足,8.0,量价冷度;60日-35.7%…,7.79,当前PB/行业0.7倍,"{""_applicable"":""yes"",""_coverage"":""公司3年连续财务数据;同行市净率"",""_decision_missing_dimensions"":[],""_evidence"":""complete"",""_score_quality"":""完整证据评分"",""_status"":""vetoed"",""_veto"":""产业与公司热度平均须>4""}",0.0,False,False,0.0,趋势增速不足10%,0.0,趋势增速不足10%,0.0,趋势增速不足10%,0.0,趋势增速不足10%,0.0,趋势增速不足10%,"{""_applicable"":""no"",""_decision_missing_dimensions"":[],""_evidence"":""complete"",""_scope"":""趋势增速不足10%"",""_score_quality"":""模型不适用，0分不是结论"",""_status"":""not_applicable""}",0.0,False,False,0.0,当前经济条件不适用估值,0.0,当前经济条件不适用估值,0.0,当前经济条件不适用估值,0.0,当前经济条件不适用估值,0.0,当前经济条件不适用估值,0.0,当前经济条件不适用估值,"{""_applicable"":""no"",""_decision_missing_dimensions"":[],""_evidence"":""complete"",""_scope"":""当前经济条件不适用估值"",""_score_quality"":""模型不适用，0分不是结论"",""_status"":""not_applicable""}",6.0,False,False,7.0,大宗行业/毛利/利润周期,5.0,缺PB历史证据,8.0,资产负债表稳健3项,6.0,历史利润振幅11.8倍,1.0,10年均利PE26.5倍,"{""_applicable"":""yes"",""_decision_missing_dimensions"":[""5b""],""_evidence"":""incomplete"",""_missing"":""缺底部证据"",""_score_quality"":""证据不足，分数仅供诊断"",""_status"":""insufficient_evidence""}",4.2,False,True,3.0,产业增速1.3%,3.6,研发与经营数据,5.7,经营效率与现金流数据,2.0,最新同口径利润转负,9.0,"建议单票≤3%,组合≤15%","{""_applicable"":""yes"",""_condition"":""须确认实际仓位符合建议上限"",""_decision_missing_dimensions"":[],""_evidence"":""complete"",""_profile"":""平稳产业反转型"",""_risk"":""最坏归零时组合最大损失≤3%"",""_score_quality"":""完整证据评分"",""_status"":""vetoed"",""_veto"":""仅1项核心证据≥5""}",3.2,False,False,3.38,长期质量回报33.80,2.982,产业质量估值29.82,3.191,商业安全31.91；边际6.0,"{""_applicable"":""yes"",""_condition"":""补全全部缺失证据后仍至少一套不超过70"",""_decision_missing_dimensions"":[""7a"",""7b"",""7c""],""_evidence"":""incomplete"",""_missing"":""核心必需子项不完整或覆盖不足80%"",""_status"":""not_triggered""}",跳过,economic_not_applicable,ttm_fcff_nonpositive,,,,,,,,{},,,,,,
301413,安培龙,ELEC_COMPONENT,无触发（不买）,2️⃣ 两热一冷,4.7,,False,_condition 1.0分:估值须合理或满足强周期修正；2d 1.0分:归母利润趋势PEG9.0；2b 2.0分:最新同口径利润恶化,0.0,False,False,0.0,当前经济条件不适用估值,0.0,当前经济条件不适用估值,0.0,当前经济条件不适用估值,0.0,当前经济条件不适用估值,"{""_applicable"":""no"",""_decision_missing_dimensions"":[],""_evidence"":""complete"",""_scope"":""当前经济条件不适用估值"",""_score_quality"":""模型不适用，0分不是结论"",""_status"":""not_applicable""}",4.7,False,False,7.5,产业聚合增速16.3%,2.0,最新同口径利润恶化,8.0,量价冷度;60日-30.0%…,1.0,归母利润趋势PEG9.0,"{""_applicable"":""yes"",""_condition"":""估值须合理或满足强周期修正"",""_coverage"":""公司3年连续财务数据;盈利趋势PEG"",""_decision_missing_dimensions"":[],""_evidence"":""complete"",""_score_quality"":""完整证据评分"",""_status"":""not_triggered""}",3.8,False,False,4.2,盈利能力与同行数据,2.0,最新同口径利润降幅≥50%,1.5,投入回报率减资金成本=-8.2%,5.0,弱代理2.0分:最新同口径利润降幅≥5…,8.0,行业与估值数据,"{""_applicable"":""yes"",""_decision_missing_dimensions"":[""3b"",""3d""],""_evidence"":""incomplete"",""_missing"":""缺增长质量/增长持续性证据"",""_score_quality"":""证据不足，分数仅供诊断"",""_status"":""insufficient_evidence""}",0.0,False,False,0.0,当前经济条件不适用估值,0.0,当前经济条件不适用估值,0.0,当前经济条件不适用估值,0.0,当前经济条件不适用估值,0.0,当前经济条件不适用估值,0.0,当前经济条件不适用估值,"{""_applicable"":""no"",""_decision_missing_dimensions"":[],""_evidence"":""complete"",""_scope"":""当前经济条件不适用估值"",""_score_quality"":""模型不适用，0分不是结论"",""_status"":""not_applicable""}",0.0,False,False,0.0,非强周期标的，适用其他框架,0.0,非强周期标的，适用其他框架,0.0,非强周期标的，适用其他框架,0.0,非强周期标的，适用其他框架,0.0,非强周期标的，适用其他框架,"{""_applicable"":""no"",""_decision_missing_dimensions"":[],""_evidence"":""complete"",""_scope"":""非强周期标的，适用其他框架"",""_score_quality"":""模型不适用，0分不是结论"",""_status"":""not_applicable""}",0.0,False,False,0.0,公司并非亏损或净利率≤5%的微利标的,0.0,公司并非亏损或净利率≤5%的微利标的,0.0,公司并非亏损或净利率≤5%的微利标的,0.0,公司并非亏损或净利率≤5%的微利标的,0.0,公司并非亏损或净利率≤5%的微利标的,"{""_applicable"":""no"",""_decision_missing_dimensions"":[],""_evidence"":""complete"",""_scope"":""公司并非亏损或净利率≤5%的微利标的"",""_score_quality"":""模型不适用，0分不是结论"",""_status"":""not_applicable""}",4.7,False,False,5.344,长期质量回报53.44,4.192,产业质量估值41.92,4.572,商业安全45.72；边际6.3,"{""_applicable"":""yes"",""_condition"":""补全全部缺失证据后仍至少一套不超过70"",""_decision_missing_dimensions"":[""7a"",""7b"",""7c""],""_evidence"":""incomplete"",""_missing"":""核心必需子项不完整或覆盖不足80%"",""_status"":""not_triggered""}",跳过,economic_not_applicable,ttm_fcff_nonpositive,,,,,,,,{},,,,,,
301550,斯菱智驱,AUTO_PARTS,无触发（不买）,2️⃣ 两热一冷,4.6,,True,_condition 1.0分:估值须合理或满足强周期修正；2d 1.0分:当前PB/行业5.7倍；2b 3.5分:拐点2项:现金流支撑+最新同口径营收增,3.9,False,True,1.5,远离买入区2179%,9.0,五项满分4项,0.1,FCF0.2%;末4716.51万,2.2,最新同口径利润同比下降,"{""_applicable"":""yes"",""_condition"":""须进入模型买入区"",""_decision_missing_dimensions"":[],""_evidence"":""complete"",""_score_quality"":""完整证据评分"",""_status"":""vetoed"",""_veto"":""买入区深度不足""}",4.6,False,False,5.31,产业聚合增速6.1%,3.5,拐点2项:现金流支撑+最新同口径营收增,7.9,量价冷度;60日-34.5%…,1.0,当前PB/行业5.7倍,"{""_applicable"":""yes"",""_condition"":""估值须合理或满足强周期修正"",""_coverage"":""公司3年连续财务数据;同行市净率"",""_decision_missing_dimensions"":[],""_evidence"":""complete"",""_score_quality"":""完整证据评分"",""_status"":""not_triggered""}",0.0,False,False,0.0,趋势增速不足10%,0.0,趋势增速不足10%,0.0,趋势增速不足10%,0.0,趋势增速不足10%,0.0,趋势增速不足10%,"{""_applicable"":""no"",""_decision_missing_dimensions"":[],""_evidence"":""complete"",""_scope"":""趋势增速不足10%"",""_score_quality"":""模型不适用，0分不是结论"",""_status"":""not_applicable""}",3.7,False,False,1.5,增长趋势与同行数据,6.0,最新同口径利润同比下降,5.7,多年盈利稳定性数据,0.0,价格/10年中性终局21.3倍,8.2,行业营收与利润数据,0.0,乐观上沿透支30年+,"{""_4f_formula"":""opt_upper_v1"",""_applicable"":""yes"",""_decision_missing_dimensions"":[],""_evidence"":""complete"",""_score_quality"":""完整证据评分"",""_status"":""not_triggered""}",0.0,False,False,0.0,非强周期标的，适用其他框架,0.0,非强周期标的，适用其他框架,0.0,非强周期标的，适用其他框架,0.0,非强周期标的，适用其他框架,0.0,非强周期标的，适用其他框架,"{""_applicable"":""no"",""_decision_missing_dimensions"":[],""_evidence"":""complete"",""_scope"":""非强周期标的，适用其他框架"",""_score_quality"":""模型不适用，0分不是结论"",""_status"":""not_applicable""}",0.0,False,False,0.0,平稳产业反转型市值超过100亿元,0.0,平稳产业反转型市值超过100亿元,0.0,平稳产业反转型市值超过100亿元,0.0,平稳产业反转型市值超过100亿元,0.0,平稳产业反转型市值超过100亿元,"{""_applicable"":""no"",""_decision_missing_dimensions"":[],""_evidence"":""complete"",""_scope"":""平稳产业反转型市值超过100亿元"",""_score_quality"":""模型不适用，0分不是结论"",""_status"":""not_applicable""}",4.4,False,False,4.491,长期质量回报44.91,4.072,产业质量估值40.72,4.764,商业安全47.64；边际8.7,"{""_applicable"":""yes"",""_condition"":""补全全部缺失证据后仍至少一套不超过70"",""_decision_missing_dimensions"":[""7a"",""7b"",""7c""],""_evidence"":""incomplete"",""_missing"":""核心必需子项不完整或覆盖不足80%"",""_status"":""not_triggered""}",有效,,,卖出区,71.57,3.1406663664355943,3.6160441064995785,-2274.99,0.1426,47165055.27000001,"{""neutral"":{""current_period_growth_cap_basis"":""current_period_weakening"",""forecast_years"":5,""growth"":0.0,""growth_evidence"":""historical_cagr_and_trend"",""margin_retention"":0.6,""structural_decline_evidence"":null,""terminal_g"":0.01,""wacc_base"":0.1425777692805327},""optimistic"":{""current_period_growth_cap_basis"":""current_period_weakening"",""forecast_years"":5,""growth"":0.1,""growth_evidence"":""historical_cagr_and_trend"",""margin_retention"":0.85,""structural_decline_evidence"":null,""terminal_g"":0.02,""wacc_base"":0.1375777692805327},""pessimistic"":{""current_period_growth_cap_basis"":""current_period_weakening"",""forecast_years"":5,""growth"":-0.1,""growth_evidence"":""historical_cagr_and_trend"",""margin_retention"":0.4,""structural_decline_evidence"":null,""terminal_g"":0.0,""wacc_base"":0.1525777692805327}}",2.9871724080614444,3.0134857109630016,3.2678470219081865,3.3219636265916312,3.9101245864075262,4.0382632380857775
600008,首创环保,POWER_UTILITY,无触发（不买）,2️⃣ 两热一冷,4.1,,False,_veto 1.95分:产业与公司热度平均须>4；2a 1.95分:产业聚合增速-0.4%；2b 2.5分:拐点1项:现金流支撑,0.0,False,False,0.0,当前经济条件不适用估值,0.0,当前经济条件不适用估值,0.0,当前经济条件不适用估值,0.0,当前经济条件不适用估值,"{""_applicable"":""no"",""_decision_missing_dimensions"":[],""_evidence"":""complete"",""_scope"":""当前经济条件不适用估值"",""_score_quality"":""模型不适用，0分不是结论"",""_status"":""not_applicable""}",4.1,False,True,1.95,产业聚合增速-0.4%,2.5,拐点1项:现金流支撑,4.9,量价冷度;60日-1.4%…,8.27,当前PB/行业0.6倍,"{""_applicable"":""yes"",""_coverage"":""公司3年连续财务数据;同行市净率"",""_decision_missing_dimensions"":[],""_evidence"":""complete"",""_score_quality"":""完整证据评分"",""_status"":""vetoed"",""_veto"":""产业与公司热度平均须>4""}",0.0,False,False,0.0,趋势增速不足10%,0.0,趋势增速不足10%,0.0,趋势增速不足10%,0.0,趋势增速不足10%,0.0,趋势增速不足10%,"{""_applicable"":""no"",""_decision_missing_dimensions"":[],""_evidence"":""complete"",""_scope"":""趋势增速不足10%"",""_score_quality"":""模型不适用，0分不是结论"",""_status"":""not_applicable""}",0.0,False,False,0.0,当前经济条件不适用估值,0.0,当前经济条件不适用估值,0.0,当前经济条件不适用估值,0.0,当前经济条件不适用估值,0.0,当前经济条件不适用估值,0.0,当前经济条件不适用估值,"{""_applicable"":""no"",""_decision_missing_dimensions"":[],""_evidence"":""complete"",""_scope"":""当前经济条件不适用估值"",""_score_quality"":""模型不适用，0分不是结论"",""_status"":""not_applicable""}",0.0,False,False,0.0,非强周期标的，适用其他框架,0.0,非强周期标的，适用其他框架,0.0,非强周期标的，适用其他框架,0.0,非强周期标的，适用其他框架,0.0,非强周期标的，适用其他框架,"{""_applicable"":""no"",""_decision_missing_dimensions"":[],""_evidence"":""complete"",""_scope"":""非强周期标的，适用其他框架"",""_score_quality"":""模型不适用，0分不是结论"",""_status"":""not_applicable""}",0.0,False,False,0.0,平稳产业反转型市值超过100亿元,0.0,平稳产业反转型市值超过100亿元,0.0,平稳产业反转型市值超过100亿元,0.0,平稳产业反转型市值超过100亿元,0.0,平稳产业反转型市值超过100亿元,"{""_applicable"":""no"",""_decision_missing_dimensions"":[],""_evidence"":""complete"",""_scope"":""平稳产业反转型市值超过100亿元"",""_score_quality"":""模型不适用，0分不是结论"",""_status"":""not_applicable""}",3.9,False,False,4.006,长期质量回报40.06,3.452,产业质量估值34.52,4.328,商业安全43.28；边际6.1,"{""_applicable"":""yes"",""_condition"":""补全全部缺失证据后仍至少一套不超过70"",""_decision_missing_dimensions"":[""7a"",""7b"",""7c""],""_evidence"":""incomplete"",""_missing"":""核心必需子项不完整或覆盖不足80%"",""_status"":""not_triggered""}",跳过,economic_not_applicable,nonpositive_pessimistic_equity_value,,,,,,,,{},,,,,,
600027,华电国际,POWER_UTILITY,无触发（不买）,2️⃣ 两热一冷,5.0,,False,_veto 1.92分:产业与公司热度平均须>4；2a 1.92分:产业聚合增速-0.6%；2b 4.0分:最新同口径经营现金流明显下滑,0.0,False,False,0.0,当前经济条件不适用估值,0.0,当前经济条件不适用估值,0.0,当前经济条件不适用估值,0.0,当前经济条件不适用估值,"{""_applicable"":""no"",""_decision_missing_dimensions"":[],""_evidence"":""complete"",""_scope"":""当前经济条件不适用估值"",""_score_quality"":""模型不适用，0分不是结论"",""_status"":""not_applicable""}",5.0,False,True,1.92,产业聚合增速-0.6%,4.0,最新同口径经营现金流明显下滑,5.7,量价冷度;60日-1.7%…,9.66,归母利润趋势PEG0.6,"{""_applicable"":""yes"",""_coverage"":""公司3年连续财务数据;盈利趋势PEG"",""_decision_missing_dimensions"":[],""_evidence"":""complete"",""_score_quality"":""完整证据评分"",""_status"":""vetoed"",""_veto"":""产业与公司热度平均须>4""}",0.0,False,False,0.0,趋势增速不足10%,0.0,趋势增速不足10%,0.0,趋势增速不足10%,0.0,趋势增速不足10%,0.0,趋势增速不足10%,"{""_applicable"":""no"",""_decision_missing_dimensions"":[],""_evidence"":""complete"",""_scope"":""趋势增速不足10%"",""_score_quality"":""模型不适用，0分不是结论"",""_status"":""not_applicable""}",0.0,False,False,0.0,当前经济条件不适用估值,0.0,当前经济条件不适用估值,0.0,当前经济条件不适用估值,0.0,当前经济条件不适用估值,0.0,当前经济条件不适用估值,0.0,当前经济条件不适用估值,"{""_applicable"":""no"",""_decision_missing_dimensions"":[],""_evidence"":""complete"",""_scope"":""当前经济条件不适用估值"",""_score_quality"":""模型不适用，0分不是结论"",""_status"":""not_applicable""}",0.0,False,False,0.0,非强周期标的，适用其他框架,0.0,非强周期标的，适用其他框架,0.0,非强周期标的，适用其他框架,0.0,非强周期标的，适用其他框架,0.0,非强周期标的，适用其他框架,"{""_applicable"":""no"",""_decision_missing_dimensions"":[],""_evidence"":""complete"",""_scope"":""非强周期标的，适用其他框架"",""_score_quality"":""模型不适用，0分不是结论"",""_status"":""not_applicable""}",0.0,False,False,0.0,平稳产业反转型市值超过100亿元,0.0,平稳产业反转型市值超过100亿元,0.0,平稳产业反转型市值超过100亿元,0.0,平稳产业反转型市值超过100亿元,0.0,平稳产业反转型市值超过100亿元,"{""_applicable"":""no"",""_decision_missing_dimensions"":[],""_evidence"":""complete"",""_scope"":""平稳产业反转型市值超过100亿元"",""_score_quality"":""模型不适用，0分不是结论"",""_status"":""not_applicable""}",4.0,False,False,4.18,长期质量回报41.80,3.623,产业质量估值36.23,4.196,商业安全41.96；边际6.6,"{""_applicable"":""yes"",""_condition"":""补全全部缺失证据后仍至少一套不超过70"",""_decision_missing_dimensions"":[""7a"",""7b"",""7c""],""_evidence"":""incomplete"",""_missing"":""核心必需子项不完整或覆盖不足80%"",""_status"":""not_triggered""}",跳过,economic_not_applicable,nonpositive_pessimistic_equity_value,,,,,,,,{},,,,,,
600094,大名城,REAL_ESTATE,无触发（不买）,2️⃣ 两热一冷,4.2,,False,_veto 0.5分:产业与公司热度平均须>4；2a 0.5分:产业聚合增速-19.1%；2b 2.0分:最新同口径现金恶化,0.0,False,False,0.0,当前经济条件不适用估值,0.0,当前经济条件不适用估值,0.0,当前经济条件不适用估值,0.0,当前经济条件不适用估值,"{""_applicable"":""no"",""_decision_missing_dimensions"":[],""_evidence"":""complete"",""_scope"":""当前经济条件不适用估值"",""_score_quality"":""模型不适用，0分不是结论"",""_status"":""not_applicable""}",4.2,False,True,0.5,产业聚合增速-19.1%,2.0,最新同口径现金恶化,7.8,量价冷度;60日-22.4%…,7.71,当前PB/行业0.7倍,"{""_applicable"":""yes"",""_coverage"":""公司3年连续财务数据;同行市净率"",""_decision_missing_dimensions"":[],""_evidence"":""complete"",""_score_quality"":""完整证据评分"",""_status"":""vetoed"",""_veto"":""产业与公司热度平均须>4""}",0.0,False,False,0.0,趋势增速不足10%,0.0,趋势增速不足10%,0.0,趋势增速不足10%,0.0,趋势增速不足10%,0.0,趋势增速不足10%,"{""_applicable"":""no"",""_decision_missing_dimensions"":[],""_evidence"":""complete"",""_scope"":""趋势增速不足10%"",""_score_quality"":""模型不适用，0分不是结论"",""_status"":""not_applicable""}",0.0,False,False,0.0,当前经济条件不适用估值,0.0,当前经济条件不适用估值,0.0,当前经济条件不适用估值,0.0,当前经济条件不适用估值,0.0,当前经济条件不适用估值,0.0,当前经济条件不适用估值,"{""_applicable"":""no"",""_decision_missing_dimensions"":[],""_evidence"":""complete"",""_scope"":""当前经济条件不适用估值"",""_score_quality"":""模型不适用，0分不是结论"",""_status"":""not_applicable""}",0.0,False,False,0.0,非强周期标的，适用其他框架,0.0,非强周期标的，适用其他框架,0.0,非强周期标的，适用其他框架,0.0,非强周期标的，适用其他框架,0.0,非强周期标的，适用其他框架,"{""_applicable"":""no"",""_decision_missing_dimensions"":[],""_evidence"":""complete"",""_scope"":""非强周期标的，适用其他框架"",""_score_quality"":""模型不适用，0分不是结论"",""_status"":""not_applicable""}",0.0,False,False,0.0,公司并非亏损或净利率≤5%的微利标的,0.0,公司并非亏损或净利率≤5%的微利标的,0.0,公司并非亏损或净利率≤5%的微利标的,0.0,公司并非亏损或净利率≤5%的微利标的,0.0,公司并非亏损或净利率≤5%的微利标的,"{""_applicable"":""no"",""_decision_missing_dimensions"":[],""_evidence"":""complete"",""_scope"":""公司并非亏损或净利率≤5%的微利标的"",""_score_quality"":""模型不适用，0分不是结论"",""_status"":""not_applicable""}",2.9,False,False,2.798,长期质量回报27.98,2.829,产业质量估值28.29,3.184,商业安全31.84；边际7.8,"{""_applicable"":""yes"",""_condition"":""补全全部缺失证据后仍至少一套不超过70"",""_decision_missing_dimensions"":[""7a"",""7b"",""7c""],""_evidence"":""incomplete"",""_missing"":""核心必需子项不完整或覆盖不足80%"",""_status"":""not_triggered""}",跳过,economic_not_applicable,nonpositive_pessimistic_equity_value,,,,,,,,{},,,,,,
600108,亚盛集团,AGRICULTURE,无触发（不买）,2️⃣ 两热一冷,5.3,,False,_veto 2.5分:产业与公司热度平均须>4；2b 2.5分:拐点1项:现金流支撑；2a 3.8分:产业聚合增速3.0%,0.0,False,False,0.0,当前经济条件不适用估值,0.0,当前经济条件不适用估值,0.0,当前经济条件不适用估值,0.0,当前经济条件不适用估值,"{""_applicable"":""no"",""_decision_missing_dimensions"":[],""_evidence"":""complete"",""_scope"":""当前经济条件不适用估值"",""_score_quality"":""模型不适用，0分不是结论"",""_status"":""not_applicable""}",5.3,False,True,3.8,产业聚合增速3.0%,2.5,拐点1项:现金流支撑,7.3,量价冷度;60日-32.1%…,8.71,当前PB/行业0.5倍,"{""_applicable"":""yes"",""_coverage"":""公司3年连续财务数据;同行市净率"",""_decision_missing_dimensions"":[],""_evidence"":""complete"",""_score_quality"":""完整证据评分"",""_status"":""vetoed"",""_veto"":""产业与公司热度平均须>4""}",0.0,False,False,0.0,趋势增速不足10%,0.0,趋势增速不足10%,0.0,趋势增速不足10%,0.0,趋势增速不足10%,0.0,趋势增速不足10%,"{""_applicable"":""no"",""_decision_missing_dimensions"":[],""_evidence"":""complete"",""_scope"":""趋势增速不足10%"",""_score_quality"":""模型不适用，0分不是结论"",""_status"":""not_applicable""}",0.0,False,False,0.0,当前经济条件不适用估值,0.0,当前经济条件不适用估值,0.0,当前经济条件不适用估值,0.0,当前经济条件不适用估值,0.0,当前经济条件不适用估值,0.0,当前经济条件不适用估值,"{""_applicable"":""no"",""_decision_missing_dimensions"":[],""_evidence"":""complete"",""_scope"":""当前经济条件不适用估值"",""_score_quality"":""模型不适用，0分不是结论"",""_status"":""not_applicable""}",0.0,False,False,0.0,非强周期标的，适用其他框架,0.0,非强周期标的，适用其他框架,0.0,非强周期标的，适用其他框架,0.0,非强周期标的，适用其他框架,0.0,非强周期标的，适用其他框架,"{""_applicable"":""no"",""_decision_missing_dimensions"":[],""_evidence"":""complete"",""_scope"":""非强周期标的，适用其他框架"",""_score_quality"":""模型不适用，0分不是结论"",""_status"":""not_applicable""}",4.2,False,True,3.0,产业增速3.0%,3.2,研发与经营数据,4.5,经营效率与现金流数据,3.0,最新同口径利润同比下降,9.0,"建议单票≤3%,组合≤15%","{""_applicable"":""yes"",""_condition"":""须确认实际仓位符合建议上限"",""_decision_missing_dimensions"":[],""_evidence"":""complete"",""_profile"":""平稳产业反转型"",""_risk"":""最坏归零时组合最大损失≤3%"",""_score_quality"":""完整证据评分"",""_status"":""vetoed"",""_veto"":""仅0项核心证据≥5""}",3.3,False,False,3.457,长期质量回报34.57,2.972,产业质量估值29.72,3.457,商业安全34.57；边际4.8,"{""_applicable"":""yes"",""_condition"":""补全全部缺失证据后仍至少一套不超过70"",""_decision_missing_dimensions"":[""7a"",""7b"",""7c""],""_evidence"":""incomplete"",""_missing"":""核心必需子项不完整或覆盖不足80%"",""_status"":""not_triggered""}",跳过,economic_not_applicable,ttm_fcff_nonpositive,,,,,,,,{},,,,,,
600160,巨化股份,CHEMICAL,无触发（不买）,2️⃣ 两热一冷,6.9,,False,2a 2.76分:产业聚合增速1.3%；2c 4.7分:量价冷度;60日12.1%…；2b 10.0分:拐点4项:净利率连升+利润连升,0.0,False,False,0.0,当前经济条件不适用估值,0.0,当前经济条件不适用估值,0.0,当前经济条件不适用估值,0.0,当前经济条件不适用估值,"{""_applicable"":""no"",""_decision_missing_dimensions"":[],""_evidence"":""complete"",""_scope"":""当前经济条件不适用估值"",""_score_quality"":""模型不适用，0分不是结论"",""_status"":""not_applicable""}",6.9,False,False,2.76,产业聚合增速1.3%,10.0,拐点4项:净利率连升+利润连升,4.7,量价冷度;60日12.1%…,10.0,归母利润趋势PEG0.4,"{""_applicable"":""yes"",""_coverage"":""公司3年连续财务数据;盈利趋势PEG"",""_decision_missing_dimensions"":[],""_evidence"":""complete"",""_score_quality"":""完整证据评分"",""_status"":""observe""}",5.4,False,False,4.7,盈利能力与同行数据,5.0,质代8;扣非0.99/稀释0.0%,7.5,投入回报率减资金成本=5.5%,5.0,弱代理4.0分:趋势增速13.0%,4.7,行业与估值数据,"{""_applicable"":""yes"",""_decision_missing_dimensions"":[""3b"",""3d""],""_evidence"":""incomplete"",""_missing"":""缺增长质量/增长持续性证据"",""_score_quality"":""证据不足，分数仅供诊断"",""_status"":""insufficient_evidence""}",0.0,False,False,0.0,当前经济条件不适用估值,0.0,当前经济条件不适用估值,0.0,当前经济条件不适用估值,0.0,当前经济条件不适用估值,0.0,当前经济条件不适用估值,0.0,当前经济条件不适用估值,"{""_applicable"":""no"",""_decision_missing_dimensions"":[],""_evidence"":""complete"",""_scope"":""当前经济条件不适用估值"",""_score_quality"":""模型不适用，0分不是结论"",""_status"":""not_applicable""}",5.6,False,False,7.0,大宗行业/毛利/利润周期,5.0,缺PB历史证据,6.0,资产负债表稳健2项,6.0,历史利润振幅39.7倍,1.0,10年均利PE74.7倍,"{""_applicable"":""yes"",""_decision_missing_dimensions"":[""5b""],""_evidence"":""incomplete"",""_missing"":""缺底部证据"",""_score_quality"":""证据不足，分数仅供诊断"",""_status"":""insufficient_evidence""}",0.0,False,False,0.0,平稳产业反转型市值超过100亿元,0.0,平稳产业反转型市值超过100亿元,0.0,平稳产业反转型市值超过100亿元,0.0,平稳产业反转型市值超过100亿元,0.0,平稳产业反转型市值超过100亿元,"{""_applicable"":""no"",""_decision_missing_dimensions"":[],""_evidence"":""complete"",""_scope"":""平稳产业反转型市值超过100亿元"",""_score_quality"":""模型不适用，0分不是结论"",""_status"":""not_applicable""}",4.9,False,False,5.172,长期质量回报51.72,4.277,产业质量估值42.77,5.116,商业安全51.16；边际8.8,"{""_applicable"":""yes"",""_condition"":""补全全部缺失证据后仍至少一套不超过70"",""_decision_missing_dimensions"":[""7a"",""7b"",""7c""],""_evidence"":""incomplete"",""_missing"":""核心必需子项不完整或覆盖不足80%"",""_status"":""not_triggered""}",跳过,economic_not_applicable,ttm_fcff_nonpositive,,,,,,,,{},,,,,,
600307,酒钢宏兴,STEEL,无触发（不买）,2️⃣ 两热一冷,3.7,,False,_veto 0.98分:产业与公司热度平均须>4；_condition 0.98分:估值须合理或满足强周期修正；2a 0.98分:产业聚合增速-8.1%,0.0,False,False,0.0,当前经济条件不适用估值,0.0,当前经济条件不适用估值,0.0,当前经济条件不适用估值,0.0,当前经济条件不适用估值,"{""_applicable"":""no"",""_decision_missing_dimensions"":[],""_evidence"":""complete"",""_scope"":""当前经济条件不适用估值"",""_score_quality"":""模型不适用，0分不是结论"",""_status"":""not_applicable""}",3.7,False,True,0.98,产业聚合增速-8.1%,3.0,拐点1项:最新同口径利润增,7.2,量价冷度;60日-19.4%…,4.0,当前PB/行业1.5倍,"{""_applicable"":""yes"",""_condition"":""估值须合理或满足强周期修正"",""_coverage"":""公司3年连续财务数据;同行市净率"",""_decision_missing_dimensions"":[],""_evidence"":""complete"",""_score_quality"":""完整证据评分"",""_status"":""vetoed"",""_veto"":""产业与公司热度平均须>4""}",0.0,False,False,0.0,趋势增速不足10%,0.0,趋势增速不足10%,0.0,趋势增速不足10%,0.0,趋势增速不足10%,0.0,趋势增速不足10%,"{""_applicable"":""no"",""_decision_missing_dimensions"":[],""_evidence"":""complete"",""_scope"":""趋势增速不足10%"",""_score_quality"":""模型不适用，0分不是结论"",""_status"":""not_applicable""}",0.0,False,False,0.0,当前经济条件不适用估值,0.0,当前经济条件不适用估值,0.0,当前经济条件不适用估值,0.0,当前经济条件不适用估值,0.0,当前经济条件不适用估值,0.0,当前经济条件不适用估值,"{""_applicable"":""no"",""_decision_missing_dimensions"":[],""_evidence"":""complete"",""_scope"":""当前经济条件不适用估值"",""_score_quality"":""模型不适用，0分不是结论"",""_status"":""not_applicable""}",0.0,False,False,0.0,强周期属性缺毛利或盈利历史,0.0,强周期属性缺毛利或盈利历史,0.0,强周期属性缺毛利或盈利历史,0.0,强周期属性缺毛利或盈利历史,0.0,强周期属性缺毛利或盈利历史,"{""_applicable"":""yes"",""_decision_missing_dimensions"":[""5a"",""5b"",""5c"",""5d"",""5e""],""_evidence"":""incomplete"",""_missing"":""强周期属性缺毛利或盈利历史"",""_score_placeholder"":""全部子分为缺失占位"",""_score_quality"":""证据不足，分数仅供诊断"",""_status"":""insufficient_evidence""}",3.5,False,True,1.0,产业增速-8.1%,2.5,研发与经营数据,2.9,经营效率与现金流数据,4.0,最新经营现金流仍负但改善,9.0,"建议单票≤3%,组合≤15%","{""_applicable"":""yes"",""_condition"":""须确认实际仓位符合建议上限"",""_decision_missing_dimensions"":[],""_evidence"":""complete"",""_profile"":""平稳产业反转型"",""_risk"":""最坏归零时组合最大损失≤3%"",""_score_quality"":""完整证据评分"",""_status"":""vetoed"",""_veto"":""仅0项核心证据≥5""}",2.3,False,False,2.409,长期质量回报24.09,2.083,产业质量估值20.83,2.543,商业安全25.43；边际4.1,"{""_applicable"":""yes"",""_condition"":""补全全部缺失证据后仍至少一套不超过70"",""_decision_missing_dimensions"":[""7a"",""7b"",""7c""],""_evidence"":""incomplete"",""_missing"":""核心必需子项不完整或覆盖不足80%"",""_status"":""not_triggered""}",跳过,economic_not_applicable,ttm_fcff_nonpositive,,,,,,,,{},,,,,,
600351,亚宝药业,TRAD_CN_MED,无触发（不买）,2️⃣ 两热一冷,5.5,,True,_veto 1.62分:产业与公司热度平均须>4；2a 1.62分:产业聚合增速-3.0%；2c 5.6分:量价冷度;60日-3.5%…,5.3,False,True,1.5,远离买入区83%,9.0,五项满分4项,7.2,FCF8.9%;末5.73亿,1.8,最新同口径利润同比下降,"{""_applicable"":""yes"",""_condition"":""须进入模型买入区"",""_decision_missing_dimensions"":[],""_evidence"":""complete"",""_score_quality"":""完整证据评分"",""_status"":""vetoed"",""_veto"":""买入区深度不足""}",5.5,False,True,1.62,产业聚合增速-3.0%,6.0,"最新同口径利润下滑,拐点封顶",5.6,量价冷度;60日-3.5%…,9.58,归母利润趋势PEG0.6,"{""_applicable"":""yes"",""_coverage"":""公司3年连续财务数据;盈利趋势PEG"",""_decision_missing_dimensions"":[],""_evidence"":""complete"",""_score_quality"":""完整证据评分"",""_status"":""vetoed"",""_veto"":""产业与公司热度平均须>4""}",0.0,False,False,0.0,趋势增速不足10%,0.0,趋势增速不足10%,0.0,趋势增速不足10%,0.0,趋势增速不足10%,0.0,趋势增速不足10%,"{""_applicable"":""no"",""_decision_missing_dimensions"":[],""_evidence"":""complete"",""_scope"":""趋势增速不足10%"",""_score_quality"":""模型不适用，0分不是结论"",""_status"":""not_applicable""}",4.7,False,False,1.5,增长趋势与同行数据,5.8,最新同口径利润同比下降,4.8,多年盈利稳定性数据,3.59,价格/10年中性终局1.4倍,8.3,行业营收与利润数据,10.0,乐观上沿透支0年,"{""_4f_formula"":""opt_upper_v1"",""_applicable"":""yes"",""_decision_missing_dimensions"":[],""_evidence"":""complete"",""_score_quality"":""完整证据评分"",""_status"":""not_triggered""}",0.0,False,False,0.0,非强周期标的，适用其他框架,0.0,非强周期标的，适用其他框架,0.0,非强周期标的，适用其他框架,0.0,非强周期标的，适用其他框架,0.0,非强周期标的，适用其他框架,"{""_applicable"":""no"",""_decision_missing_dimensions"":[],""_evidence"":""complete"",""_scope"":""非强周期标的，适用其他框架"",""_score_quality"":""模型不适用，0分不是结论"",""_status"":""not_applicable""}",0.0,False,False,0.0,公司并非亏损或净利率≤5%的微利标的,0.0,公司并非亏损或净利率≤5%的微利标的,0.0,公司并非亏损或净利率≤5%的微利标的,0.0,公司并非亏损或净利率≤5%的微利标的,0.0,公司并非亏损或净利率≤5%的微利标的,"{""_applicable"":""no"",""_decision_missing_dimensions"":[],""_evidence"":""complete"",""_scope"":""公司并非亏损或净利率≤5%的微利标的"",""_score_quality"":""模型不适用，0分不是结论"",""_status"":""not_applicable""}",4.2,False,False,4.684,长期质量回报46.84,3.732,产业质量估值37.32,4.328,商业安全43.28；边际8.9,"{""_applicable"":""yes"",""_condition"":""补全全部缺失证据后仍至少一套不超过70"",""_decision_missing_dimensions"":[""7a"",""7b"",""7c""],""_evidence"":""incomplete"",""_missing"":""核心必需子项不完整或覆盖不足80%"",""_status"":""not_triggered""}",有效,,,观察区,6.41,3.508760467148043,6.553293528255034,-132.75,0.1047,395559442.0511999,"{""neutral"":{""current_period_growth_cap_basis"":""current_period_weakening"",""forecast_years"":5,""growth"":-0.0494,""growth_evidence"":""historical_cagr_and_trend"",""margin_retention"":0.6,""structural_decline_evidence"":null,""terminal_g"":0.01,""wacc_base"":0.10473328377616922},""optimistic"":{""current_period_growth_cap_basis"":""current_period_weakening"",""forecast_years"":5,""growth"":0.0706,""growth_evidence"":""historical_cagr_and_trend"",""margin_retention"":0.85,""structural_decline_evidence"":null,""terminal_g"":0.02,""wacc_base"":0.09973328377616922},""pessimistic"":{""current_period_growth_cap_basis"":""current_period_weakening"",""forecast_years"":5,""growth"":-0.15,""growth_evidence"":""historical_cagr_and_trend"",""margin_retention"":0.4,""structural_decline_evidence"":null,""terminal_g"":0.0,""wacc_base"":0.11473328377616922}}",2.6657973056859303,2.7539703872766212,4.263550547019465,4.559029482247145,8.547557574262925,9.543937826147138
600455,博通股份,TOURISM_EDU,无触发（不买）,2️⃣ 两热一冷,5.7,,False,"_veto 1.74分:产业与公司热度平均须>4；2a 1.74分:产业聚合增速-2.0%；2b 6.0分:最新同口径经营现金流下滑,拐点封顶",0.0,False,False,0.0,当前经济条件不适用估值,0.0,当前经济条件不适用估值,0.0,当前经济条件不适用估值,0.0,当前经济条件不适用估值,"{""_applicable"":""no"",""_decision_missing_dimensions"":[],""_evidence"":""complete"",""_scope"":""当前经济条件不适用估值"",""_score_quality"":""模型不适用，0分不是结论"",""_status"":""not_applicable""}",5.7,False,True,1.74,产业聚合增速-2.0%,6.0,"最新同口径经营现金流下滑,拐点封顶",7.5,量价冷度;60日-22.6%…,7.79,归母利润趋势PEG1.1,"{""_applicable"":""yes"",""_coverage"":""公司3年连续财务数据;盈利趋势PEG"",""_decision_missing_dimensions"":[],""_evidence"":""complete"",""_score_quality"":""完整证据评分"",""_status"":""vetoed"",""_veto"":""产业与公司热度平均须>4""}",0.0,False,False,0.0,趋势增速不足10%,0.0,趋势增速不足10%,0.0,趋势增速不足10%,0.0,趋势增速不足10%,0.0,趋势增速不足10%,"{""_applicable"":""no"",""_decision_missing_dimensions"":[],""_evidence"":""complete"",""_scope"":""趋势增速不足10%"",""_score_quality"":""模型不适用，0分不是结论"",""_status"":""not_applicable""}",0.0,False,False,0.0,当前经济条件不适用估值,0.0,当前经济条件不适用估值,0.0,当前经济条件不适用估值,0.0,当前经济条件不适用估值,0.0,当前经济条件不适用估值,0.0,当前经济条件不适用估值,"{""_applicable"":""no"",""_decision_missing_dimensions"":[],""_evidence"":""complete"",""_scope"":""当前经济条件不适用估值"",""_score_quality"":""模型不适用，0分不是结论"",""_status"":""not_applicable""}",0.0,False,False,0.0,非强周期标的，适用其他框架,0.0,非强周期标的，适用其他框架,0.0,非强周期标的，适用其他框架,0.0,非强周期标的，适用其他框架,0.0,非强周期标的，适用其他框架,"{""_applicable"":""no"",""_decision_missing_dimensions"":[],""_evidence"":""complete"",""_scope"":""非强周期标的，适用其他框架"",""_score_quality"":""模型不适用，0分不是结论"",""_status"":""not_applicable""}",0.0,False,False,0.0,公司并非亏损或净利率≤5%的微利标的,0.0,公司并非亏损或净利率≤5%的微利标的,0.0,公司并非亏损或净利率≤5%的微利标的,0.0,公司并非亏损或净利率≤5%的微利标的,0.0,公司并非亏损或净利率≤5%的微利标的,"{""_applicable"":""no"",""_decision_missing_dimensions"":[],""_evidence"":""complete"",""_scope"":""公司并非亏损或净利率≤5%的微利标的"",""_score_quality"":""模型不适用，0分不是结论"",""_status"":""not_applicable""}",4.4,False,False,4.659,长期质量回报46.59,3.915,产业质量估值39.15,4.631,商业安全46.31；边际8.0,"{""_applicable"":""yes"",""_condition"":""补全全部缺失证据后仍至少一套不超过70"",""_decision_missing_dimensions"":[""7a"",""7b"",""7c""],""_evidence"":""incomplete"",""_missing"":""核心必需子项不完整或覆盖不足80%"",""_status"":""not_triggered""}",跳过,economic_not_applicable,ttm_fcff_nonpositive,,,,,,,,{},,,,,,
600639,浦东金桥,REAL_ESTATE,无触发（不买）,2️⃣ 两热一冷,4.2,,False,_veto 0.5分:产业与公司热度平均须>4；2a 0.5分:产业聚合增速-19.3%；2b 2.0分:最新同口径现金恶化,0.0,False,False,0.0,当前经济条件不适用估值,0.0,当前经济条件不适用估值,0.0,当前经济条件不适用估值,0.0,当前经济条件不适用估值,"{""_applicable"":""no"",""_decision_missing_dimensions"":[],""_evidence"":""complete"",""_scope"":""当前经济条件不适用估值"",""_score_quality"":""模型不适用，0分不是结论"",""_status"":""not_applicable""}",4.2,False,True,0.5,产业聚合增速-19.3%,2.0,最新同口径现金恶化,7.3,量价冷度;60日-15.2%…,8.41,当前PB/行业0.6倍,"{""_applicable"":""yes"",""_coverage"":""公司3年连续财务数据;同行市净率"",""_decision_missing_dimensions"":[],""_evidence"":""complete"",""_score_quality"":""完整证据评分"",""_status"":""vetoed"",""_veto"":""产业与公司热度平均须>4""}",0.0,False,False,0.0,趋势增速不足10%,0.0,趋势增速不足10%,0.0,趋势增速不足10%,0.0,趋势增速不足10%,0.0,趋势增速不足10%,"{""_applicable"":""no"",""_decision_missing_dimensions"":[],""_evidence"":""complete"",""_scope"":""趋势增速不足10%"",""_score_quality"":""模型不适用，0分不是结论"",""_status"":""not_applicable""}",0.0,False,False,0.0,当前经济条件不适用估值,0.0,当前经济条件不适用估值,0.0,当前经济条件不适用估值,0.0,当前经济条件不适用估值,0.0,当前经济条件不适用估值,0.0,当前经济条件不适用估值,"{""_applicable"":""no"",""_decision_missing_dimensions"":[],""_evidence"":""complete"",""_scope"":""当前经济条件不适用估值"",""_score_quality"":""模型不适用，0分不是结论"",""_status"":""not_applicable""}",0.0,False,False,0.0,非强周期标的，适用其他框架,0.0,非强周期标的，适用其他框架,0.0,非强周期标的，适用其他框架,0.0,非强周期标的，适用其他框架,0.0,非强周期标的，适用其他框架,"{""_applicable"":""no"",""_decision_missing_dimensions"":[],""_evidence"":""complete"",""_scope"":""非强周期标的，适用其他框架"",""_score_quality"":""模型不适用，0分不是结论"",""_status"":""not_applicable""}",0.0,False,False,0.0,平稳产业反转型市值超过100亿元,0.0,平稳产业反转型市值超过100亿元,0.0,平稳产业反转型市值超过100亿元,0.0,平稳产业反转型市值超过100亿元,0.0,平稳产业反转型市值超过100亿元,"{""_applicable"":""no"",""_decision_missing_dimensions"":[],""_evidence"":""complete"",""_scope"":""平稳产业反转型市值超过100亿元"",""_score_quality"":""模型不适用，0分不是结论"",""_status"":""not_applicable""}",2.6,False,False,2.909,长期质量回报29.09,2.247,产业质量估值22.47,2.733,商业安全27.33；边际4.3,"{""_applicable"":""yes"",""_condition"":""补全全部缺失证据后仍至少一套不超过70"",""_decision_missing_dimensions"":[""7a"",""7b"",""7c""],""_evidence"":""incomplete"",""_missing"":""核心必需子项不完整或覆盖不足80%"",""_status"":""not_triggered""}",跳过,economic_not_applicable,ttm_fcff_nonpositive,,,,,,,,{},,,,,,
600665,天地源,REAL_ESTATE,无触发（不买）,2️⃣ 两热一冷,3.0,,False,_veto 0.5分:产业与公司热度平均须>4；_condition 0.5分:估值须合理或满足强周期修正；2b 0.5分:拐点证据不足,0.0,False,False,0.0,当前经济条件不适用估值,0.0,当前经济条件不适用估值,0.0,当前经济条件不适用估值,0.0,当前经济条件不适用估值,"{""_applicable"":""no"",""_decision_missing_dimensions"":[],""_evidence"":""complete"",""_scope"":""当前经济条件不适用估值"",""_score_quality"":""模型不适用，0分不是结论"",""_status"":""not_applicable""}",3.0,False,True,0.5,产业聚合增速-19.2%,0.5,拐点证据不足,7.7,量价冷度;60日-22.4%…,4.01,当前PB/行业1.5倍,"{""_applicable"":""yes"",""_condition"":""估值须合理或满足强周期修正"",""_coverage"":""公司3年连续财务数据;同行市净率"",""_decision_missing_dimensions"":[],""_evidence"":""complete"",""_score_quality"":""完整证据评分"",""_status"":""vetoed"",""_veto"":""产业与公司热度平均须>4""}",0.0,False,False,0.0,趋势增速不足10%,0.0,趋势增速不足10%,0.0,趋势增速不足10%,0.0,趋势增速不足10%,0.0,趋势增速不足10%,"{""_applicable"":""no"",""_decision_missing_dimensions"":[],""_evidence"":""complete"",""_scope"":""趋势增速不足10%"",""_score_quality"":""模型不适用，0分不是结论"",""_status"":""not_applicable""}",0.0,False,False,0.0,当前经济条件不适用估值,0.0,当前经济条件不适用估值,0.0,当前经济条件不适用估值,0.0,当前经济条件不适用估值,0.0,当前经济条件不适用估值,0.0,当前经济条件不适用估值,"{""_applicable"":""no"",""_decision_missing_dimensions"":[],""_evidence"":""complete"",""_scope"":""当前经济条件不适用估值"",""_score_quality"":""模型不适用，0分不是结论"",""_status"":""not_applicable""}",0.0,False,False,0.0,非强周期标的，适用其他框架,0.0,非强周期标的，适用其他框架,0.0,非强周期标的，适用其他框架,0.0,非强周期标的，适用其他框架,0.0,非强周期标的，适用其他框架,"{""_applicable"":""no"",""_decision_missing_dimensions"":[],""_evidence"":""complete"",""_scope"":""非强周期标的，适用其他框架"",""_score_quality"":""模型不适用，0分不是结论"",""_status"":""not_applicable""}",2.7,False,False,1.0,产业增速-19.2%,0.0,无技术验证原始数据,4.0,经营效率与现金流数据,2.0,最新同口径利润降幅≥50%,9.0,"建议单票≤3%,组合≤15%","{""_applicable"":""yes"",""_condition"":""须确认实际仓位符合建议上限"",""_decision_missing_dimensions"":[""6b""],""_evidence"":""incomplete"",""_missing"":""缺技术可追溯证据"",""_profile"":""平稳产业反转型"",""_risk"":""最坏归零时组合最大损失≤3%"",""_score_quality"":""证据不足，分数仅供诊断"",""_status"":""insufficient_evidence""}",2.4,False,False,2.405,长期质量回报24.05,2.207,产业质量估值22.07,2.473,商业安全24.73；边际4.3,"{""_applicable"":""yes"",""_condition"":""补全全部缺失证据后仍至少一套不超过70"",""_decision_missing_dimensions"":[""7a"",""7b"",""7c""],""_evidence"":""incomplete"",""_missing"":""核心必需子项不完整或覆盖不足80%"",""_status"":""not_triggered""}",跳过,economic_not_applicable,nonpositive_pessimistic_equity_value,,,,,,,,{},,,,,,
600843,上工申贝,INDUST_MACHINERY,无触发（不买）,2️⃣ 两热一冷,5.8,,False,2b 2.0分:最新同口径现金恶化；2a 6.01分:产业聚合增速8.5%；2c 8.0分:量价冷度;60日-25.9%…,0.0,False,False,0.0,当前经济条件不适用估值,0.0,当前经济条件不适用估值,0.0,当前经济条件不适用估值,0.0,当前经济条件不适用估值,"{""_applicable"":""no"",""_decision_missing_dimensions"":[],""_evidence"":""complete"",""_scope"":""当前经济条件不适用估值"",""_score_quality"":""模型不适用，0分不是结论"",""_status"":""not_applicable""}",5.8,False,False,6.01,产业聚合增速8.5%,2.0,最新同口径现金恶化,8.0,量价冷度;60日-25.9%…,8.4,当前PB/行业0.6倍,"{""_applicable"":""yes"",""_coverage"":""公司3年连续财务数据;同行市净率"",""_decision_missing_dimensions"":[],""_evidence"":""complete"",""_score_quality"":""完整证据评分"",""_status"":""observe""}",0.0,False,False,0.0,趋势增速不足10%,0.0,趋势增速不足10%,0.0,趋势增速不足10%,0.0,趋势增速不足10%,0.0,趋势增速不足10%,"{""_applicable"":""no"",""_decision_missing_dimensions"":[],""_evidence"":""complete"",""_scope"":""趋势增速不足10%"",""_score_quality"":""模型不适用，0分不是结论"",""_status"":""not_applicable""}",0.0,False,False,0.0,当前经济条件不适用估值,0.0,当前经济条件不适用估值,0.0,当前经济条件不适用估值,0.0,当前经济条件不适用估值,0.0,当前经济条件不适用估值,0.0,当前经济条件不适用估值,"{""_applicable"":""no"",""_decision_missing_dimensions"":[],""_evidence"":""complete"",""_scope"":""当前经济条件不适用估值"",""_score_quality"":""模型不适用，0分不是结论"",""_status"":""not_applicable""}",0.0,False,False,0.0,非强周期标的，适用其他框架,0.0,非强周期标的，适用其他框架,0.0,非强周期标的，适用其他框架,0.0,非强周期标的，适用其他框架,0.0,非强周期标的，适用其他框架,"{""_applicable"":""no"",""_decision_missing_dimensions"":[],""_evidence"":""complete"",""_scope"":""非强周期标的，适用其他框架"",""_score_quality"":""模型不适用，0分不是结论"",""_status"":""not_applicable""}",4.9,False,False,6.0,产业增速8.5%,3.2,研发与经营数据,5.1,经营效率与现金流数据,2.0,最新同口径经营现金流降幅≥50%,10.0,"建议单票≤1%,组合≤8%","{""_applicable"":""yes"",""_condition"":""须确认实际仓位符合建议上限"",""_decision_missing_dimensions"":[],""_evidence"":""complete"",""_profile"":""高景气技术型"",""_risk"":""最坏归零时组合最大损失≤1%"",""_score_quality"":""完整证据评分"",""_status"":""not_triggered""}",3.9,False,False,4.077,长期质量回报40.77,3.564,产业质量估值35.64,4.205,商业安全42.05；边际5.7,"{""_applicable"":""yes"",""_condition"":""补全全部缺失证据后仍至少一套不超过70"",""_decision_missing_dimensions"":[""7a"",""7b"",""7c""],""_evidence"":""incomplete"",""_missing"":""核心必需子项不完整或覆盖不足80%"",""_status"":""not_triggered""}",跳过,economic_not_applicable,ttm_fcff_nonpositive,,,,,,,,{},,,,,,
600862,中航高科,INDUST_MACHINERY,无触发（不买）,2️⃣ 两热一冷,5.0,,True,2b 2.5分:拐点1项:现金流支撑；2d 5.35分:当前PB/行业1.1倍；2a 6.02分:产业聚合增速8.6%,4.4,False,True,1.5,远离买入区535%,10.0,五项满分5项,1.5,FCF2.3%;末13.35亿,1.3,最新同口径利润降幅≥20%,"{""_applicable"":""yes"",""_condition"":""须进入模型买入区"",""_decision_missing_dimensions"":[],""_evidence"":""complete"",""_score_quality"":""完整证据评分"",""_status"":""vetoed"",""_veto"":""买入区深度不足""}",5.0,False,False,6.02,产业聚合增速8.6%,2.5,拐点1项:现金流支撑,6.9,量价冷度;60日-10.8%…,5.35,当前PB/行业1.1倍,"{""_applicable"":""yes"",""_coverage"":""公司3年连续财务数据;同行市净率"",""_decision_missing_dimensions"":[],""_evidence"":""complete"",""_score_quality"":""完整证据评分"",""_status"":""observe""}",0.0,False,False,0.0,趋势增速不足10%,0.0,趋势增速不足10%,0.0,趋势增速不足10%,0.0,趋势增速不足10%,0.0,趋势增速不足10%,"{""_applicable"":""no"",""_decision_missing_dimensions"":[],""_evidence"":""complete"",""_scope"":""趋势增速不足10%"",""_score_quality"":""模型不适用，0分不是结论"",""_status"":""not_applicable""}",3.3,False,False,1.5,增长趋势与同行数据,4.0,最新同口径利润降幅≥20%,6.3,多年盈利稳定性数据,0.0,价格/10年中性终局5.3倍,8.2,行业营收与利润数据,0.0,乐观上沿透支30年+,"{""_4f_formula"":""opt_upper_v1"",""_applicable"":""yes"",""_decision_missing_dimensions"":[],""_evidence"":""complete"",""_score_quality"":""完整证据评分"",""_status"":""not_triggered""}",0.0,False,False,0.0,非强周期标的，适用其他框架,0.0,非强周期标的，适用其他框架,0.0,非强周期标的，适用其他框架,0.0,非强周期标的，适用其他框架,0.0,非强周期标的，适用其他框架,"{""_applicable"":""no"",""_decision_missing_dimensions"":[],""_evidence"":""complete"",""_scope"":""非强周期标的，适用其他框架"",""_score_quality"":""模型不适用，0分不是结论"",""_status"":""not_applicable""}",0.0,False,False,0.0,公司并非亏损或净利率≤5%的微利标的,0.0,公司并非亏损或净利率≤5%的微利标的,0.0,公司并非亏损或净利率≤5%的微利标的,0.0,公司并非亏损或净利率≤5%的微利标的,0.0,公司并非亏损或净利率≤5%的微利标的,"{""_applicable"":""no"",""_decision_missing_dimensions"":[],""_evidence"":""complete"",""_scope"":""公司并非亏损或净利率≤5%的微利标的"",""_score_quality"":""模型不适用，0分不是结论"",""_status"":""not_applicable""}",4.9,False,False,5.273,长期质量回报52.73,4.17,产业质量估值41.70,5.304,商业安全53.04；边际9.4,"{""_applicable"":""yes"",""_condition"":""补全全部缺失证据后仍至少一套不超过70"",""_decision_missing_dimensions"":[""7a"",""7b"",""7c""],""_evidence"":""incomplete"",""_missing"":""核心必需子项不完整或覆盖不足80%"",""_status"":""not_triggered""}",有效,,,卖出区,17.84,2.811276767308722,4.073046442946568,-611.14,0.1349,562523401.2312,"{""neutral"":{""current_period_growth_cap_basis"":""current_period_material_deterioration"",""forecast_years"":5,""growth"":-0.05,""growth_evidence"":""historical_cagr_and_trend"",""margin_retention"":0.6,""structural_decline_evidence"":null,""terminal_g"":0.01,""wacc_base"":0.13487103799546557},""optimistic"":{""current_period_growth_cap_basis"":""current_period_material_deterioration"",""forecast_years"":5,""growth"":0.05,""growth_evidence"":""historical_cagr_and_trend"",""margin_retention"":0.85,""structural_decline_evidence"":null,""terminal_g"":0.02,""wacc_base"":0.12987103799546557},""pessimistic"":{""current_period_growth_cap_basis"":""current_period_material_deterioration"",""forecast_years"":5,""growth"":-0.1,""growth_evidence"":""historical_cagr_and_trend"",""margin_retention"":0.4,""structural_decline_evidence"":null,""terminal_g"":0.0,""wacc_base"":0.14487103799546558}}",2.4557037800517945,2.508638842157396,3.113914692460047,3.235852404593842,4.910240481299295,5.246900016861761
600897,厦门空港,TRANSPORT,无触发（不买）,2️⃣ 两热一冷,5.4,,True,_veto 2.0分:产业与公司热度平均须>4；2b 2.0分:最新同口径现金恶化；2a 4.36分:产业聚合增速3.9%,4.4,False,True,1.5,远离买入区569%,9.0,五项满分4项,3.1,FCF3.1%;末6.68亿,1.0,最新同口径经营现金流降幅≥50%,"{""_applicable"":""yes"",""_condition"":""须进入模型买入区"",""_decision_missing_dimensions"":[],""_evidence"":""complete"",""_score_quality"":""完整证据评分"",""_status"":""vetoed"",""_veto"":""买入区深度不足""}",5.4,False,True,4.36,产业聚合增速3.9%,2.0,最新同口径现金恶化,7.0,量价冷度;60日-7.2%…,9.82,归母利润趋势PEG0.6,"{""_applicable"":""yes"",""_coverage"":""公司3年连续财务数据;盈利趋势PEG"",""_decision_missing_dimensions"":[],""_evidence"":""complete"",""_score_quality"":""完整证据评分"",""_status"":""vetoed"",""_veto"":""产业与公司热度平均须>4""}",4.5,False,False,4.2,盈利能力与同行数据,2.0,最新同口径经营现金流降幅≥50%,5.5,投入回报率减资金成本=3.1%,5.0,弱代理2.0分:最新同口径经营现金流降…,7.0,行业与估值数据,"{""_applicable"":""yes"",""_decision_missing_dimensions"":[""3b"",""3d""],""_evidence"":""incomplete"",""_missing"":""缺增长质量/增长持续性证据"",""_score_quality"":""证据不足，分数仅供诊断"",""_status"":""insufficient_evidence""}",2.5,False,False,1.5,增长趋势与同行数据,2.0,最新同口径经营现金流降幅≥50%,4.7,多年盈利稳定性数据,0.0,价格/10年中性终局4.5倍,8.7,行业营收与利润数据,0.0,乐观上沿透支30年+,"{""_4f_formula"":""opt_upper_v1"",""_applicable"":""yes"",""_decision_missing_dimensions"":[],""_evidence"":""complete"",""_score_quality"":""完整证据评分"",""_status"":""not_triggered""}",0.0,False,False,0.0,非强周期标的，适用其他框架,0.0,非强周期标的，适用其他框架,0.0,非强周期标的，适用其他框架,0.0,非强周期标的，适用其他框架,0.0,非强周期标的，适用其他框架,"{""_applicable"":""no"",""_decision_missing_dimensions"":[],""_evidence"":""complete"",""_scope"":""非强周期标的，适用其他框架"",""_score_quality"":""模型不适用，0分不是结论"",""_status"":""not_applicable""}",0.0,False,False,0.0,公司并非亏损或净利率≤5%的微利标的,0.0,公司并非亏损或净利率≤5%的微利标的,0.0,公司并非亏损或净利率≤5%的微利标的,0.0,公司并非亏损或净利率≤5%的微利标的,0.0,公司并非亏损或净利率≤5%的微利标的,"{""_applicable"":""no"",""_decision_missing_dimensions"":[],""_evidence"":""complete"",""_scope"":""公司并非亏损或净利率≤5%的微利标的"",""_score_quality"":""模型不适用，0分不是结论"",""_status"":""not_applicable""}",4.9,False,False,5.455,长期质量回报54.55,4.46,产业质量估值44.60,4.739,商业安全47.39；边际10.0,"{""_applicable"":""yes"",""_condition"":""补全全部缺失证据后仍至少一套不超过70"",""_decision_missing_dimensions"":[""7a"",""7b"",""7c""],""_evidence"":""incomplete"",""_missing"":""核心必需子项不完整或覆盖不足80%"",""_status"":""not_triggered""}",有效,,,卖出区,14.45,2.1587218023005126,4.684505109440284,-833.31,0.0804,186810067.1646,"{""neutral"":{""current_period_growth_cap_basis"":""current_period_severe_deterioration"",""forecast_years"":5,""growth"":-0.1,""growth_evidence"":""historical_cagr_and_trend"",""margin_retention"":0.6,""structural_decline_evidence"":null,""terminal_g"":0.01,""wacc_base"":0.08041805009626565},""optimistic"":{""current_period_growth_cap_basis"":""current_period_severe_deterioration"",""forecast_years"":5,""growth"":0.0,""growth_evidence"":""historical_cagr_and_trend"",""margin_retention"":0.85,""structural_decline_evidence"":null,""terminal_g"":0.02,""wacc_base"":0.07541805009626565},""pessimistic"":{""current_period_growth_cap_basis"":""current_period_severe_deterioration"",""forecast_years"":5,""growth"":-0.2,""growth_evidence"":""historical_cagr_and_trend"",""margin_retention"":0.4,""structural_decline_evidence"":null,""terminal_g"":0.0,""wacc_base"":0.09041805009626565}}",1.4597129367978743,1.5482583704488095,2.7691852341522156,3.0869167296392863,6.282093489241281,7.4408935104002785
600971,恒源煤电,COAL,无触发（不买）,5️⃣ 强周期底部,6.0,,False,5c 4.0分:资产负债表稳健1项；5b 5.7分:PB24%/0.77;冷1;毛10；5d 6.0分:历史利润振幅71.6倍,0.0,False,False,0.0,当前经济条件不适用估值,0.0,当前经济条件不适用估值,0.0,当前经济条件不适用估值,0.0,当前经济条件不适用估值,"{""_applicable"":""no"",""_decision_missing_dimensions"":[],""_evidence"":""complete"",""_scope"":""当前经济条件不适用估值"",""_score_quality"":""模型不适用，0分不是结论"",""_status"":""not_applicable""}",3.6,False,True,0.5,产业聚合增速-11.2%,2.0,年度利润暴跌,4.9,量价冷度;60日-3.0%…,8.42,当前PB/行业0.6倍,"{""_applicable"":""yes"",""_coverage"":""公司3年连续财务数据;同行市净率"",""_decision_missing_dimensions"":[],""_evidence"":""complete"",""_score_quality"":""完整证据评分"",""_status"":""vetoed"",""_veto"":""产业与公司热度平均须>4""}",0.0,False,False,0.0,趋势增速不足10%,0.0,趋势增速不足10%,0.0,趋势增速不足10%,0.0,趋势增速不足10%,0.0,趋势增速不足10%,"{""_applicable"":""no"",""_decision_missing_dimensions"":[],""_evidence"":""complete"",""_scope"":""趋势增速不足10%"",""_score_quality"":""模型不适用，0分不是结论"",""_status"":""not_applicable""}",0.0,False,False,0.0,当前经济条件不适用估值,0.0,当前经济条件不适用估值,0.0,当前经济条件不适用估值,0.0,当前经济条件不适用估值,0.0,当前经济条件不适用估值,0.0,当前经济条件不适用估值,"{""_applicable"":""no"",""_decision_missing_dimensions"":[],""_evidence"":""complete"",""_scope"":""当前经济条件不适用估值"",""_score_quality"":""模型不适用，0分不是结论"",""_status"":""not_applicable""}",6.0,False,False,7.0,大宗行业/毛利/利润周期,5.7,PB24%/0.77;冷1;毛10,4.0,资产负债表稳健1项,6.0,历史利润振幅71.6倍,7.0,10年均利PE8.2倍,"{""_applicable"":""yes"",""_decision_missing_dimensions"":[],""_evidence"":""complete"",""_score_quality"":""完整证据评分"",""_status"":""observe""}",3.8,False,True,1.0,产业增速-11.2%,5.2,研发与经营数据,3.0,经营效率与现金流数据,3.0,困境反转未验证,9.0,"建议单票≤3%,组合≤15%","{""_applicable"":""yes"",""_condition"":""须确认实际仓位符合建议上限"",""_decision_missing_dimensions"":[],""_evidence"":""complete"",""_profile"":""平稳产业反转型"",""_risk"":""最坏归零时组合最大损失≤3%"",""_score_quality"":""完整证据评分"",""_status"":""vetoed"",""_veto"":""仅1项核心证据≥5""}",3.5,False,False,3.216,长期质量回报32.16,3.792,产业质量估值37.92,3.432,商业安全34.32；边际9.3,"{""_applicable"":""yes"",""_condition"":""补全全部缺失证据后仍至少一套不超过70"",""_decision_missing_dimensions"":[""7a"",""7b"",""7c""],""_evidence"":""incomplete"",""_missing"":""核心必需子项不完整或覆盖不足80%"",""_status"":""not_triggered""}",跳过,economic_not_applicable,nonpositive_pessimistic_equity_value,,,,,,,,{},,,,,,
600979,广安爱众,POWER_UTILITY,无触发（不买）,2️⃣ 两热一冷,4.0,,False,_veto 0.5分:产业与公司热度平均须>4；2b 0.5分:拐点证据不足；2a 1.94分:产业聚合增速-0.4%,0.0,False,False,0.0,当前经济条件不适用估值,0.0,当前经济条件不适用估值,0.0,当前经济条件不适用估值,0.0,当前经济条件不适用估值,"{""_applicable"":""no"",""_decision_missing_dimensions"":[],""_evidence"":""complete"",""_scope"":""当前经济条件不适用估值"",""_score_quality"":""模型不适用，0分不是结论"",""_status"":""not_applicable""}",4.0,False,True,1.94,产业聚合增速-0.4%,0.5,拐点证据不足,7.2,量价冷度;60日-27.3%…,7.72,当前PB/行业0.7倍,"{""_applicable"":""yes"",""_coverage"":""公司3年连续财务数据;同行市净率"",""_decision_missing_dimensions"":[],""_evidence"":""complete"",""_score_quality"":""完整证据评分"",""_status"":""vetoed"",""_veto"":""产业与公司热度平均须>4""}",0.0,False,False,0.0,趋势增速不足10%,0.0,趋势增速不足10%,0.0,趋势增速不足10%,0.0,趋势增速不足10%,0.0,趋势增速不足10%,"{""_applicable"":""no"",""_decision_missing_dimensions"":[],""_evidence"":""complete"",""_scope"":""趋势增速不足10%"",""_score_quality"":""模型不适用，0分不是结论"",""_status"":""not_applicable""}",0.0,False,False,0.0,当前经济条件不适用估值,0.0,当前经济条件不适用估值,0.0,当前经济条件不适用估值,0.0,当前经济条件不适用估值,0.0,当前经济条件不适用估值,0.0,当前经济条件不适用估值,"{""_applicable"":""no"",""_decision_missing_dimensions"":[],""_evidence"":""complete"",""_scope"":""当前经济条件不适用估值"",""_score_quality"":""模型不适用，0分不是结论"",""_status"":""not_applicable""}",0.0,False,False,0.0,非强周期标的，适用其他框架,0.0,非强周期标的，适用其他框架,0.0,非强周期标的，适用其他框架,0.0,非强周期标的，适用其他框架,0.0,非强周期标的，适用其他框架,"{""_applicable"":""no"",""_decision_missing_dimensions"":[],""_evidence"":""complete"",""_scope"":""非强周期标的，适用其他框架"",""_score_quality"":""模型不适用，0分不是结论"",""_status"":""not_applicable""}",3.1,False,True,1.0,产业增速-0.4%,1.3,研发与经营数据,3.4,经营效率与现金流数据,3.0,最新同口径营收同比下降,9.0,"建议单票≤3%,组合≤15%","{""_applicable"":""yes"",""_condition"":""须确认实际仓位符合建议上限"",""_decision_missing_dimensions"":[],""_evidence"":""complete"",""_profile"":""平稳产业反转型"",""_risk"":""最坏归零时组合最大损失≤3%"",""_score_quality"":""完整证据评分"",""_status"":""vetoed"",""_veto"":""仅0项核心证据≥5""}",3.4,False,False,3.357,长期质量回报33.57,3.311,产业质量估值33.11,3.573,商业安全35.73；边际4.4,"{""_applicable"":""yes"",""_condition"":""补全全部缺失证据后仍至少一套不超过70"",""_decision_missing_dimensions"":[""7a"",""7b"",""7c""],""_evidence"":""incomplete"",""_missing"":""核心必需子项不完整或覆盖不足80%"",""_status"":""not_triggered""}",跳过,economic_not_applicable,ttm_fcff_nonpositive,,,,,,,,{},,,,,,
601116,三江购物,RETAIL,无触发（不买）,2️⃣ 两热一冷,4.6,,False,_veto 1.17分:产业与公司热度平均须>4；2a 1.17分:产业聚合增速-6.7%；2b 4.0分:最新同口径经营现金流明显下滑,0.0,False,False,0.0,当前经济条件不适用估值,0.0,当前经济条件不适用估值,0.0,当前经济条件不适用估值,0.0,当前经济条件不适用估值,"{""_applicable"":""no"",""_decision_missing_dimensions"":[],""_evidence"":""complete"",""_scope"":""当前经济条件不适用估值"",""_score_quality"":""模型不适用，0分不是结论"",""_status"":""not_applicable""}",4.6,False,True,1.17,产业聚合增速-6.7%,4.0,最新同口径经营现金流明显下滑,8.0,量价冷度;60日-33.8%…,5.72,归母利润趋势PEG1.6,"{""_applicable"":""yes"",""_coverage"":""公司3年连续财务数据;盈利趋势PEG"",""_decision_missing_dimensions"":[],""_evidence"":""complete"",""_score_quality"":""完整证据评分"",""_status"":""vetoed"",""_veto"":""产业与公司热度平均须>4""}",0.0,False,False,0.0,趋势增速不足10%,0.0,趋势增速不足10%,0.0,趋势增速不足10%,0.0,趋势增速不足10%,0.0,趋势增速不足10%,"{""_applicable"":""no"",""_decision_missing_dimensions"":[],""_evidence"":""complete"",""_scope"":""趋势增速不足10%"",""_score_quality"":""模型不适用，0分不是结论"",""_status"":""not_applicable""}",0.0,False,False,0.0,当前经济条件不适用估值,0.0,当前经济条件不适用估值,0.0,当前经济条件不适用估值,0.0,当前经济条件不适用估值,0.0,当前经济条件不适用估值,0.0,当前经济条件不适用估值,"{""_applicable"":""no"",""_decision_missing_dimensions"":[],""_evidence"":""complete"",""_scope"":""当前经济条件不适用估值"",""_score_quality"":""模型不适用，0分不是结论"",""_status"":""not_applicable""}",0.0,False,False,0.0,非强周期标的，适用其他框架,0.0,非强周期标的，适用其他框架,0.0,非强周期标的，适用其他框架,0.0,非强周期标的，适用其他框架,0.0,非强周期标的，适用其他框架,"{""_applicable"":""no"",""_decision_missing_dimensions"":[],""_evidence"":""complete"",""_scope"":""非强周期标的，适用其他框架"",""_score_quality"":""模型不适用，0分不是结论"",""_status"":""not_applicable""}",3.5,False,False,1.0,产业增速-6.7%,0.0,无技术验证原始数据,7.8,经营效率与现金流数据,3.0,最新同口径经营现金流降幅≥20%,9.0,"建议单票≤3%,组合≤15%","{""_applicable"":""yes"",""_condition"":""须确认实际仓位符合建议上限"",""_decision_missing_dimensions"":[""6b""],""_evidence"":""incomplete"",""_missing"":""缺技术可追溯证据"",""_profile"":""平稳产业反转型"",""_risk"":""最坏归零时组合最大损失≤3%"",""_score_quality"":""证据不足，分数仅供诊断"",""_status"":""insufficient_evidence""}",3.9,False,False,4.131,长期质量回报41.31,3.644,产业质量估值36.44,4.037,商业安全40.37；边际7.0,"{""_applicable"":""yes"",""_condition"":""补全全部缺失证据后仍至少一套不超过70"",""_decision_missing_dimensions"":[""7a"",""7b"",""7c""],""_evidence"":""incomplete"",""_missing"":""核心必需子项不完整或覆盖不足80%"",""_status"":""not_triggered""}",跳过,economic_not_applicable,ttm_fcff_nonpositive,,,,,,,,{},,,,,,
601226,华电科工,CONST_MACHINERY,无触发（不买）,2️⃣ 两热一冷,6.1,,False,_condition 1.7分:估值须合理或满足强周期修正；2d 1.7分:归母利润趋势PEG3.5；2a 5.6分:产业聚合增速7.1%,0.0,False,False,0.0,当前经济条件不适用估值,0.0,当前经济条件不适用估值,0.0,当前经济条件不适用估值,0.0,当前经济条件不适用估值,"{""_applicable"":""no"",""_decision_missing_dimensions"":[],""_evidence"":""complete"",""_scope"":""当前经济条件不适用估值"",""_score_quality"":""模型不适用，0分不是结论"",""_status"":""not_applicable""}",6.1,False,False,5.6,产业聚合增速7.1%,8.0,拐点4项:营收加速+利润连升,8.0,量价冷度;60日-39.2%…,1.7,归母利润趋势PEG3.5,"{""_applicable"":""yes"",""_condition"":""估值须合理或满足强周期修正"",""_coverage"":""公司3年连续财务数据;盈利趋势PEG"",""_decision_missing_dimensions"":[],""_evidence"":""complete"",""_score_quality"":""完整证据评分"",""_status"":""observe""}",3.6,False,False,3.3,盈利能力与同行数据,2.0,最新报告期利润为负,1.5,投入回报率减资金成本=-10.3%,5.0,弱代理2.0分:最新报告期利润为负,8.0,行业与估值数据,"{""_applicable"":""yes"",""_decision_missing_dimensions"":[""3b"",""3d""],""_evidence"":""incomplete"",""_missing"":""缺增长质量/增长持续性证据"",""_score_quality"":""证据不足，分数仅供诊断"",""_status"":""insufficient_evidence""}",0.0,False,False,0.0,当前经济条件不适用估值,0.0,当前经济条件不适用估值,0.0,当前经济条件不适用估值,0.0,当前经济条件不适用估值,0.0,当前经济条件不适用估值,0.0,当前经济条件不适用估值,"{""_applicable"":""no"",""_decision_missing_dimensions"":[],""_evidence"":""complete"",""_scope"":""当前经济条件不适用估值"",""_score_quality"":""模型不适用，0分不是结论"",""_status"":""not_applicable""}",0.0,False,False,0.0,非强周期标的，适用其他框架,0.0,非强周期标的，适用其他框架,0.0,非强周期标的，适用其他框架,0.0,非强周期标的，适用其他框架,0.0,非强周期标的，适用其他框架,"{""_applicable"":""no"",""_decision_missing_dimensions"":[],""_evidence"":""complete"",""_scope"":""非强周期标的，适用其他框架"",""_score_quality"":""模型不适用，0分不是结论"",""_status"":""not_applicable""}",5.2,False,True,3.0,产业增速7.1%,4.5,研发与经营数据,8.0,经营效率与现金流数据,4.0,最新经营现金流仍负但改善,9.0,"建议单票≤3%,组合≤15%","{""_applicable"":""yes"",""_condition"":""须确认实际仓位符合建议上限"",""_decision_missing_dimensions"":[],""_evidence"":""complete"",""_profile"":""平稳产业反转型"",""_risk"":""最坏归零时组合最大损失≤3%"",""_score_quality"":""完整证据评分"",""_status"":""vetoed"",""_veto"":""仅1项核心证据≥5""}",4.3,False,False,4.506,长期质量回报45.06,4.087,产业质量估值40.87,4.305,商业安全43.05；边际6.3,"{""_applicable"":""yes"",""_condition"":""补全全部缺失证据后仍至少一套不超过70"",""_decision_missing_dimensions"":[""7a"",""7b"",""7c""],""_evidence"":""incomplete"",""_missing"":""核心必需子项不完整或覆盖不足80%"",""_status"":""not_triggered""}",跳过,economic_not_applicable,ttm_fcff_nonpositive,,,,,,,,{},,,,,,
601898,中煤能源,COAL,无触发（不买）,5️⃣ 强周期底部,5.8,,True,5b 1.7分:PB72%/1.11;冷1;毛2；5e 5.0分:10年均利PE16.8倍；5d 6.0分:历史利润振幅9.6倍,4.0,False,True,1.5,远离买入区147%,6.0,五项满分3项,5.7,FCF7.1%;末147.53亿,1.8,最新同口径利润同比下降,"{""_applicable"":""yes"",""_condition"":""须进入模型买入区"",""_decision_missing_dimensions"":[],""_evidence"":""complete"",""_score_quality"":""完整证据评分"",""_status"":""vetoed"",""_veto"":""买入区深度不足""}",4.9,False,True,0.5,产业聚合增速-11.0%,5.5,拐点2项:净利率连升+现金流支撑,7.0,量价冷度;60日-21.8%…,6.89,当前PB/行业0.9倍,"{""_applicable"":""yes"",""_coverage"":""公司3年连续财务数据;同行市净率"",""_decision_missing_dimensions"":[],""_evidence"":""complete"",""_score_quality"":""完整证据评分"",""_status"":""vetoed"",""_veto"":""产业与公司热度平均须>4""}",0.0,False,False,0.0,趋势增速不足10%,0.0,趋势增速不足10%,0.0,趋势增速不足10%,0.0,趋势增速不足10%,0.0,趋势增速不足10%,"{""_applicable"":""no"",""_decision_missing_dimensions"":[],""_evidence"":""complete"",""_scope"":""趋势增速不足10%"",""_score_quality"":""模型不适用，0分不是结论"",""_status"":""not_applicable""}",4.0,False,False,1.5,增长趋势与同行数据,6.0,最新同口径利润同比下降,5.7,多年盈利稳定性数据,1.94,价格/10年中性终局1.8倍,2.0,行业营收与利润数据,8.0,乐观上沿透支4年,"{""_4f_formula"":""opt_upper_v1"",""_applicable"":""yes"",""_decision_missing_dimensions"":[],""_evidence"":""complete"",""_score_quality"":""完整证据评分"",""_status"":""not_triggered""}",5.8,False,False,7.0,大宗行业/毛利/利润周期,1.7,PB72%/1.11;冷1;毛2,9.0,资产负债表稳健4项,6.0,历史利润振幅9.6倍,5.0,10年均利PE16.8倍,"{""_applicable"":""yes"",""_decision_missing_dimensions"":[],""_evidence"":""complete"",""_score_quality"":""完整证据评分"",""_status"":""observe""}",0.0,False,False,0.0,平稳产业反转型市值超过100亿元,0.0,平稳产业反转型市值超过100亿元,0.0,平稳产业反转型市值超过100亿元,0.0,平稳产业反转型市值超过100亿元,0.0,平稳产业反转型市值超过100亿元,"{""_applicable"":""no"",""_decision_missing_dimensions"":[],""_evidence"":""complete"",""_scope"":""平稳产业反转型市值超过100亿元"",""_score_quality"":""模型不适用，0分不是结论"",""_status"":""not_applicable""}",4.2,False,False,3.98,长期质量回报39.80,3.81,产业质量估值38.10,4.856,商业安全48.56；边际10.7,"{""_applicable"":""yes"",""_condition"":""补全全部缺失证据后仍至少一套不超过70"",""_decision_missing_dimensions"":[""7a"",""7c""],""_evidence"":""incomplete"",""_missing"":""核心必需子项不完整或覆盖不足80%"",""_status"":""not_triggered""}",有效,,,卖出区,13.67,5.539860761495278,10.76595606353481,-228.59,0.0984,12946844880.0,"{""neutral"":{""current_period_growth_cap_basis"":""current_period_weakening"",""forecast_years"":5,""growth"":-0.0245,""growth_evidence"":""historical_cagr_and_trend"",""margin_retention"":0.6,""structural_decline_evidence"":""revenue_multi_year_decline"",""terminal_g"":-0.01,""wacc_base"":0.09840494023607266},""optimistic"":{""current_period_growth_cap_basis"":""current_period_weakening"",""forecast_years"":5,""growth"":0.0955,""growth_evidence"":""historical_cagr_and_trend"",""margin_retention"":0.85,""structural_decline_evidence"":""revenue_multi_year_decline"",""terminal_g"":0.0,""wacc_base"":0.09340494023607265},""pessimistic"":{""current_period_growth_cap_basis"":""current_period_weakening"",""forecast_years"":5,""growth"":-0.15,""growth_evidence"":""historical_cagr_and_trend"",""margin_retention"":0.4,""structural_decline_evidence"":""revenue_multi_year_decline"",""terminal_g"":-0.02,""wacc_base"":0.10840494023607265}}",4.015314231792418,4.160137966208764,6.919583556781793,7.393503737910753,14.138408389158867,15.63488596393605
601939,建设银行,BANK,1️⃣ 估值买入区,1️⃣ 估值买入区,8.4,type1,True,1d 3.0分:金融回归2项；1b 9.0分:银行监管满分4项；1a 9.5分:买入区内折价56%,8.4,True,False,9.5,买入区内折价56%,9.0,银行监管满分4项,10.0,PB模型安全边际56.5%,3.0,金融回归2项,"{""_applicable"":""yes"",""_decision_missing_dimensions"":[],""_evidence"":""complete"",""_score_quality"":""完整证据评分"",""_status"":""triggered""}",4.2,False,True,5.0,银行业息差/不良周期,3.0,金融回归2项,4.9,量价冷度;60日8.2%…,4.31,金融PB/同行1.4倍,"{""_applicable"":""yes"",""_condition"":""金融估值须合理"",""_coverage"":""金融周期/公司/冷度/PB齐全"",""_decision_missing_dimensions"":[],""_evidence"":""complete"",""_score_quality"":""完整证据评分"",""_status"":""vetoed"",""_veto"":""金融两热平均须大于4""}",0.0,False,False,0.0,金融机构不适用可持续高增长型,0.0,金融机构不适用可持续高增长型,0.0,金融机构不适用可持续高增长型,0.0,金融机构不适用可持续高增长型,0.0,金融机构不适用可持续高增长型,"{""_applicable"":""no"",""_decision_missing_dimensions"":[],""_evidence"":""complete"",""_scope"":""金融机构不适用可持续高增长型"",""_score_quality"":""模型不适用，0分不是结论"",""_status"":""not_applicable""}",0.0,False,False,0.0,金融机构暂无专属长坡厚雪模型,0.0,金融机构暂无专属长坡厚雪模型,0.0,金融机构暂无专属长坡厚雪模型,0.0,金融机构暂无专属长坡厚雪模型,0.0,金融机构暂无专属长坡厚雪模型,0.0,金融机构暂无专属长坡厚雪模型,"{""_applicable"":""no"",""_decision_missing_dimensions"":[],""_evidence"":""complete"",""_scope"":""金融机构暂无专属长坡厚雪模型"",""_score_quality"":""模型不适用，0分不是结论"",""_status"":""not_applicable""}",0.0,False,False,0.0,金融机构不适用强周期底部模型,0.0,金融机构不适用强周期底部模型,0.0,金融机构不适用强周期底部模型,0.0,金融机构不适用强周期底部模型,0.0,金融机构不适用强周期底部模型,"{""_applicable"":""no"",""_decision_missing_dimensions"":[],""_evidence"":""complete"",""_scope"":""金融机构不适用强周期底部模型"",""_score_quality"":""模型不适用，0分不是结论"",""_status"":""not_applicable""}",0.0,False,False,0.0,金融机构不适用小盘高风险型,0.0,金融机构不适用小盘高风险型,0.0,金融机构不适用小盘高风险型,0.0,金融机构不适用小盘高风险型,0.0,金融机构不适用小盘高风险型,"{""_applicable"":""no"",""_decision_missing_dimensions"":[],""_evidence"":""complete"",""_scope"":""金融机构不适用小盘高风险型"",""_score_quality"":""模型不适用，0分不是结论"",""_status"":""not_applicable""}",0.0,False,False,0.0,金融需专属优质股权模型,0.0,金融需专属优质股权模型,0.0,金融需专属优质股权模型,"{""_applicable"":""no"",""_decision_missing_dimensions"":[],""_evidence"":""complete"",""_scope"":""金融需专属优质股权模型"",""_status"":""not_applicable""}",有效,,,买入区,10.26,23.578967642721352,30.294593466344455,53.5,0.0612,,"{""neutral"":{""bvps"":14.003844258821207,""cost_of_equity"":0.06124525470943293,""equity_basis"":""parent_equity"",""financial_growth_basis"":""positive_roe_cost_spread"",""formula"":""(normalised_roe - g) / (cost_of_equity - g)"",""growth"":0.01,""levered_beta"":0.755892,""margin_retention"":null,""model_risk_data_as_of"":""2026-07-15"",""normalised_roe"":0.11078103002283704,""pb_lower"":1.791813914675632,""pb_upper"":2.1792728931014,""roe_basis"":""average_begin_end_attributable_equity"",""roe_years"":[2021,2022,2023,2024,2025],""scenario_roe"":0.11078103002283704,""structural_profit_decline"":false,""terminal_g"":0.01,""wacc_base"":0.06124525470943293},""optimistic"":{""bvps"":14.003844258821207,""cost_of_equity"":0.06124525470943293,""equity_basis"":""parent_equity"",""financial_growth_basis"":""positive_roe_cost_spread"",""formula"":""(normalised_roe - g) / (cost_of_equity - g)"",""growth"":0.02,""levered_beta"":0.755892,""margin_retention"":null,""model_risk_data_as_of"":""2026-07-15"",""normalised_roe"":0.11078103002283704,""pb_lower"":2.1473381297627667,""pb_upper"":2.739784822985732,""roe_basis"":""average_begin_end_attributable_equity"",""roe_years"":[2021,2022,2023,2024,2025],""scenario_roe"":0.11930419875815648,""structural_profit_decline"":false,""terminal_g"":0.02,""wacc_base"":0.06124525470943293},""pessimistic"":{""bvps"":14.003844258821207,""cost_of_equity"":0.06124525470943293,""equity_basis"":""parent_equity"",""financial_growth_basis"":""positive_roe_cost_spread"",""formula"":""(normalised_roe - g) / (cost_of_equity - g)"",""growth"":0.0,""levered_beta"":0.755892,""margin_retention"":null,""model_risk_data_as_of"":""2026-07-15"",""normalised_roe"":0.11078103002283704,""pb_lower"":1.3378290174443241,""pb_upper"":1.575685352944207,""roe_basis"":""average_begin_end_attributable_equity"",""roe_years"":[2021,2022,2023,2024,2025],""scenario_roe"":0.08862482401826964,""structural_profit_decline"":false,""terminal_g"":0.0,""wacc_base"":0.06124525470943293}}",18.734749205222116,22.0656522835364,25.092283001906303,30.518198192462723,30.070988740226188,38.367519963774214
603014,威高血净,MEDICAL_SERVICE,无触发（不买）,7️⃣ 优质股权型,4.7,,True,_condition 3.96分:补全全部缺失证据后仍至少一套不超过70；7b 3.96分:产业质量估值39.63；7c 4.95分:商业安全49.53；边际9.4,4.5,False,True,1.5,远离买入区233%,9.0,五项满分4项,3.7,FCF4.5%;末5.69亿,1.0,最新同口径经营现金流降幅≥50%,"{""_applicable"":""yes"",""_condition"":""须进入模型买入区"",""_decision_missing_dimensions"":[],""_evidence"":""complete"",""_score_quality"":""完整证据评分"",""_status"":""vetoed"",""_veto"":""买入区深度不足""}",3.3,False,True,2.78,产业聚合增速1.3%,2.0,最新同口径现金恶化,7.3,量价冷度;60日-15.9%…,1.0,归母利润趋势PEG5.6,"{""_applicable"":""yes"",""_condition"":""估值须合理或满足强周期修正"",""_coverage"":""公司3年连续财务数据;盈利趋势PEG"",""_decision_missing_dimensions"":[],""_evidence"":""complete"",""_score_quality"":""完整证据评分"",""_status"":""vetoed"",""_veto"":""产业与公司热度平均须>4""}",0.0,False,False,0.0,趋势增速不足10%,0.0,趋势增速不足10%,0.0,趋势增速不足10%,0.0,趋势增速不足10%,0.0,趋势增速不足10%,"{""_applicable"":""no"",""_decision_missing_dimensions"":[],""_evidence"":""complete"",""_scope"":""趋势增速不足10%"",""_score_quality"":""模型不适用，0分不是结论"",""_status"":""not_applicable""}",2.7,False,False,1.5,增长趋势与同行数据,2.0,最新同口径经营现金流降幅≥50%,6.0,多年盈利稳定性数据,0.0,价格/10年中性终局2.5倍,8.3,行业营收与利润数据,0.0,乐观上沿透支30年+,"{""_4f_formula"":""opt_upper_v1"",""_applicable"":""yes"",""_decision_missing_dimensions"":[],""_evidence"":""complete"",""_score_quality"":""完整证据评分"",""_status"":""not_triggered""}",0.0,False,False,0.0,非强周期标的，适用其他框架,0.0,非强周期标的，适用其他框架,0.0,非强周期标的，适用其他框架,0.0,非强周期标的，适用其他框架,0.0,非强周期标的，适用其他框架,"{""_applicable"":""no"",""_decision_missing_dimensions"":[],""_evidence"":""complete"",""_scope"":""非强周期标的，适用其他框架"",""_score_quality"":""模型不适用，0分不是结论"",""_status"":""not_applicable""}",0.0,False,False,0.0,平稳产业反转型市值超过100亿元,0.0,平稳产业反转型市值超过100亿元,0.0,平稳产业反转型市值超过100亿元,0.0,平稳产业反转型市值超过100亿元,0.0,平稳产业反转型市值超过100亿元,"{""_applicable"":""no"",""_decision_missing_dimensions"":[],""_evidence"":""complete"",""_scope"":""平稳产业反转型市值超过100亿元"",""_score_quality"":""模型不适用，0分不是结论"",""_status"":""not_applicable""}",4.7,False,False,5.181,长期质量回报51.81,3.963,产业质量估值39.63,4.953,商业安全49.53；边际9.4,"{""_applicable"":""yes"",""_condition"":""补全全部缺失证据后仍至少一套不超过70"",""_decision_missing_dimensions"":[""7a"",""7b"",""7c""],""_evidence"":""incomplete"",""_missing"":""核心必需子项不完整或覆盖不足80%"",""_status"":""not_triggered""}",有效,,,卖出区,30.31,9.113851591646629,15.97799180998902,-312.92,0.0871,566549161.794,"{""neutral"":{""current_period_growth_cap_basis"":""current_period_severe_deterioration"",""forecast_years"":5,""growth"":-0.1,""growth_evidence"":""historical_cagr_and_trend"",""margin_retention"":0.6,""structural_decline_evidence"":null,""terminal_g"":0.01,""wacc_base"":0.08714889624534417},""optimistic"":{""current_period_growth_cap_basis"":""current_period_severe_deterioration"",""forecast_years"":5,""growth"":0.0,""growth_evidence"":""historical_cagr_and_trend"",""margin_retention"":0.85,""structural_decline_evidence"":null,""terminal_g"":0.02,""wacc_base"":0.08214889624534416},""pessimistic"":{""current_period_growth_cap_basis"":""current_period_severe_deterioration"",""forecast_years"":5,""growth"":-0.2,""growth_evidence"":""historical_cagr_and_trend"",""margin_retention"":0.4,""structural_decline_evidence"":null,""terminal_g"":0.0,""wacc_base"":0.09714889624534416}}",7.12600023143018,7.34046015704435,10.887243026248909,11.691587584074568,20.26439603590347,23.050687651817583
603028,赛福天,INDUST_MACHINERY,无触发（不买）,2️⃣ 两热一冷,5.0,,False,_condition 2.0分:估值须合理或满足强周期修正；2b 2.0分:最新同口径利润恶化；2d 4.66分:当前PB/行业1.3倍,0.0,False,False,0.0,当前经济条件不适用估值,0.0,当前经济条件不适用估值,0.0,当前经济条件不适用估值,0.0,当前经济条件不适用估值,"{""_applicable"":""no"",""_decision_missing_dimensions"":[],""_evidence"":""complete"",""_scope"":""当前经济条件不适用估值"",""_score_quality"":""模型不适用，0分不是结论"",""_status"":""not_applicable""}",5.0,False,False,6.01,产业聚合增速8.5%,2.0,最新同口径利润恶化,8.0,量价冷度;60日-29.3%…,4.66,当前PB/行业1.3倍,"{""_applicable"":""yes"",""_condition"":""估值须合理或满足强周期修正"",""_coverage"":""公司3年连续财务数据;同行市净率"",""_decision_missing_dimensions"":[],""_evidence"":""complete"",""_score_quality"":""完整证据评分"",""_status"":""observe""}",0.0,False,False,0.0,趋势增速不足10%,0.0,趋势增速不足10%,0.0,趋势增速不足10%,0.0,趋势增速不足10%,0.0,趋势增速不足10%,"{""_applicable"":""no"",""_decision_missing_dimensions"":[],""_evidence"":""complete"",""_scope"":""趋势增速不足10%"",""_score_quality"":""模型不适用，0分不是结论"",""_status"":""not_applicable""}",0.0,False,False,0.0,当前经济条件不适用估值,0.0,当前经济条件不适用估值,0.0,当前经济条件不适用估值,0.0,当前经济条件不适用估值,0.0,当前经济条件不适用估值,0.0,当前经济条件不适用估值,"{""_applicable"":""no"",""_decision_missing_dimensions"":[],""_evidence"":""complete"",""_scope"":""当前经济条件不适用估值"",""_score_quality"":""模型不适用，0分不是结论"",""_status"":""not_applicable""}",0.0,False,False,0.0,非强周期标的，适用其他框架,0.0,非强周期标的，适用其他框架,0.0,非强周期标的，适用其他框架,0.0,非强周期标的，适用其他框架,0.0,非强周期标的，适用其他框架,"{""_applicable"":""no"",""_decision_missing_dimensions"":[],""_evidence"":""complete"",""_scope"":""非强周期标的，适用其他框架"",""_score_quality"":""模型不适用，0分不是结论"",""_status"":""not_applicable""}",4.8,False,False,6.0,产业增速8.5%,2.8,研发与经营数据,5.0,经营效率与现金流数据,2.0,最新同口径利润转负,10.0,"建议单票≤1%,组合≤8%","{""_applicable"":""yes"",""_condition"":""须确认实际仓位符合建议上限"",""_decision_missing_dimensions"":[],""_evidence"":""complete"",""_profile"":""高景气技术型"",""_risk"":""最坏归零时组合最大损失≤1%"",""_score_quality"":""完整证据评分"",""_status"":""not_triggered""}",3.2,False,False,3.409,长期质量回报34.09,2.939,产业质量估值29.39,3.216,商业安全32.16；边际5.1,"{""_applicable"":""yes"",""_condition"":""补全全部缺失证据后仍至少一套不超过70"",""_decision_missing_dimensions"":[""7a"",""7b"",""7c""],""_evidence"":""incomplete"",""_missing"":""核心必需子项不完整或覆盖不足80%"",""_status"":""not_triggered""}",跳过,economic_not_applicable,mixed_profit_cycle_unsupported_by_fcff,,,,,,,,{},,,,,,
603069,海汽集团,TRANSPORT,无触发（不买）,2️⃣ 两热一冷,3.7,,False,_veto 1.0分:产业与公司热度平均须>4；_condition 1.0分:估值须合理或满足强周期修正；2d 1.0分:当前PB/行业3.9倍,0.0,False,False,0.0,当前经济条件不适用估值,0.0,当前经济条件不适用估值,0.0,当前经济条件不适用估值,0.0,当前经济条件不适用估值,"{""_applicable"":""no"",""_decision_missing_dimensions"":[],""_evidence"":""complete"",""_scope"":""当前经济条件不适用估值"",""_score_quality"":""模型不适用，0分不是结论"",""_status"":""not_applicable""}",3.7,False,True,4.36,产业聚合增速3.9%,1.5,拐点证据不足,8.0,量价冷度;60日-29.0%…,1.0,当前PB/行业3.9倍,"{""_applicable"":""yes"",""_condition"":""估值须合理或满足强周期修正"",""_coverage"":""公司3年连续财务数据;同行市净率"",""_decision_missing_dimensions"":[],""_evidence"":""complete"",""_score_quality"":""完整证据评分"",""_status"":""vetoed"",""_veto"":""产业与公司热度平均须>4""}",0.0,False,False,0.0,趋势增速不足10%,0.0,趋势增速不足10%,0.0,趋势增速不足10%,0.0,趋势增速不足10%,0.0,趋势增速不足10%,"{""_applicable"":""no"",""_decision_missing_dimensions"":[],""_evidence"":""complete"",""_scope"":""趋势增速不足10%"",""_score_quality"":""模型不适用，0分不是结论"",""_status"":""not_applicable""}",0.0,False,False,0.0,当前经济条件不适用估值,0.0,当前经济条件不适用估值,0.0,当前经济条件不适用估值,0.0,当前经济条件不适用估值,0.0,当前经济条件不适用估值,0.0,当前经济条件不适用估值,"{""_applicable"":""no"",""_decision_missing_dimensions"":[],""_evidence"":""complete"",""_scope"":""当前经济条件不适用估值"",""_score_quality"":""模型不适用，0分不是结论"",""_status"":""not_applicable""}",0.0,False,False,0.0,非强周期标的，适用其他框架,0.0,非强周期标的，适用其他框架,0.0,非强周期标的，适用其他框架,0.0,非强周期标的，适用其他框架,0.0,非强周期标的，适用其他框架,"{""_applicable"":""no"",""_decision_missing_dimensions"":[],""_evidence"":""complete"",""_scope"":""非强周期标的，适用其他框架"",""_score_quality"":""模型不适用，0分不是结论"",""_status"":""not_applicable""}",3.3,False,True,3.0,产业增速3.9%,0.6,研发与经营数据,3.7,经营效率与现金流数据,2.0,最新同口径经营现金流降幅≥50%,9.0,"建议单票≤3%,组合≤15%","{""_applicable"":""yes"",""_condition"":""须确认实际仓位符合建议上限"",""_decision_missing_dimensions"":[],""_evidence"":""complete"",""_profile"":""平稳产业反转型"",""_risk"":""最坏归零时组合最大损失≤3%"",""_score_quality"":""完整证据评分"",""_status"":""vetoed"",""_veto"":""仅0项核心证据≥5""}",2.4,False,False,2.509,长期质量回报25.09,2.222,产业质量估值22.22,2.496,商业安全24.96；边际4.6,"{""_applicable"":""yes"",""_condition"":""补全全部缺失证据后仍至少一套不超过70"",""_decision_missing_dimensions"":[""7a"",""7b"",""7c""],""_evidence"":""incomplete"",""_missing"":""核心必需子项不完整或覆盖不足80%"",""_status"":""not_triggered""}",跳过,economic_not_applicable,ttm_fcff_nonpositive,,,,,,,,{},,,,,,
603110,东方材料,CHEMICAL,无触发（不买）,5️⃣ 强周期底部,5.6,,False,5e 1.0分:10年均利PE97.6倍；5b 4.0分:PB41%/5.41;冷1;利10；5d 5.0分:历史利润振幅4.4倍,0.0,False,False,0.0,当前经济条件不适用估值,0.0,当前经济条件不适用估值,0.0,当前经济条件不适用估值,0.0,当前经济条件不适用估值,"{""_applicable"":""no"",""_decision_missing_dimensions"":[],""_evidence"":""complete"",""_scope"":""当前经济条件不适用估值"",""_score_quality"":""模型不适用，0分不是结论"",""_status"":""not_applicable""}",2.8,False,True,2.81,产业聚合增速1.3%,2.0,拐点2项:最新同口径营收增+最新同口径…,4.9,量价冷度;60日-4.7%…,1.32,当前PB/行业2.7倍,"{""_applicable"":""yes"",""_condition"":""估值须合理或满足强周期修正"",""_coverage"":""公司3年连续财务数据;同行市净率"",""_decision_missing_dimensions"":[],""_evidence"":""complete"",""_score_quality"":""完整证据评分"",""_status"":""vetoed"",""_veto"":""产业与公司热度平均须>4""}",0.0,False,False,0.0,趋势增速不足10%,0.0,趋势增速不足10%,0.0,趋势增速不足10%,0.0,趋势增速不足10%,0.0,趋势增速不足10%,"{""_applicable"":""no"",""_decision_missing_dimensions"":[],""_evidence"":""complete"",""_scope"":""趋势增速不足10%"",""_score_quality"":""模型不适用，0分不是结论"",""_status"":""not_applicable""}",0.0,False,False,0.0,当前经济条件不适用估值,0.0,当前经济条件不适用估值,0.0,当前经济条件不适用估值,0.0,当前经济条件不适用估值,0.0,当前经济条件不适用估值,0.0,当前经济条件不适用估值,"{""_applicable"":""no"",""_decision_missing_dimensions"":[],""_evidence"":""complete"",""_scope"":""当前经济条件不适用估值"",""_score_quality"":""模型不适用，0分不是结论"",""_status"":""not_applicable""}",5.6,False,False,7.0,大宗行业/毛利/利润周期,4.0,PB41%/5.41;冷1;利10,8.0,资产负债表稳健3项,5.0,历史利润振幅4.4倍,1.0,10年均利PE97.6倍,"{""_applicable"":""yes"",""_decision_missing_dimensions"":[],""_evidence"":""complete"",""_score_quality"":""完整证据评分"",""_status"":""observe""}",4.1,False,True,3.0,产业增速1.3%,3.9,研发与经营数据,5.0,经营效率与现金流数据,2.0,最新同口径经营现金流降幅≥50%,9.0,"建议单票≤3%,组合≤15%","{""_applicable"":""yes"",""_condition"":""须确认实际仓位符合建议上限"",""_decision_missing_dimensions"":[],""_evidence"":""complete"",""_profile"":""平稳产业反转型"",""_risk"":""最坏归零时组合最大损失≤3%"",""_score_quality"":""完整证据评分"",""_status"":""vetoed"",""_veto"":""仅1项核心证据≥5""}",3.5,False,False,3.555,长期质量回报35.55,3.477,产业质量估值34.77,3.612,商业安全36.12；边际6.1,"{""_applicable"":""yes"",""_condition"":""补全全部缺失证据后仍至少一套不超过70"",""_decision_missing_dimensions"":[""7a"",""7b"",""7c""],""_evidence"":""incomplete"",""_missing"":""核心必需子项不完整或覆盖不足80%"",""_status"":""not_triggered""}",跳过,economic_not_applicable,mixed_profit_cycle_unsupported_by_fcff,,,,,,,,{},,,,,,
603166,福达股份,AUTO_VEHICLE,无触发（不买）,2️⃣ 两热一冷,6.0,,False,_veto 2.0分:产业与公司热度平均须>4；2b 2.0分:最新同口径现金恶化；2a 5.68分:产业聚合增速7.4%,0.0,False,False,0.0,当前经济条件不适用估值,0.0,当前经济条件不适用估值,0.0,当前经济条件不适用估值,0.0,当前经济条件不适用估值,"{""_applicable"":""no"",""_decision_missing_dimensions"":[],""_evidence"":""complete"",""_scope"":""当前经济条件不适用估值"",""_score_quality"":""模型不适用，0分不是结论"",""_status"":""not_applicable""}",6.0,False,True,5.68,产业聚合增速7.4%,2.0,最新同口径现金恶化,8.0,量价冷度;60日-27.5%…,10.0,归母利润趋势PEG0.4,"{""_applicable"":""yes"",""_coverage"":""公司3年连续财务数据;盈利趋势PEG"",""_decision_missing_dimensions"":[],""_evidence"":""complete"",""_score_quality"":""完整证据评分"",""_status"":""vetoed"",""_veto"":""产业与公司热度平均须>4""}",3.8,False,False,4.0,盈利能力与同行数据,2.0,最新同口径经营现金流降幅≥50%,1.5,投入回报率减资金成本=-4.2%,5.0,弱代理2.0分:最新同口径经营现金流降…,8.0,行业与估值数据,"{""_applicable"":""yes"",""_decision_missing_dimensions"":[""3b"",""3d""],""_evidence"":""incomplete"",""_missing"":""缺增长质量/增长持续性证据"",""_score_quality"":""证据不足，分数仅供诊断"",""_status"":""insufficient_evidence""}",0.0,False,False,0.0,当前经济条件不适用估值,0.0,当前经济条件不适用估值,0.0,当前经济条件不适用估值,0.0,当前经济条件不适用估值,0.0,当前经济条件不适用估值,0.0,当前经济条件不适用估值,"{""_applicable"":""no"",""_decision_missing_dimensions"":[],""_evidence"":""complete"",""_scope"":""当前经济条件不适用估值"",""_score_quality"":""模型不适用，0分不是结论"",""_status"":""not_applicable""}",0.0,False,False,0.0,非强周期标的，适用其他框架,0.0,非强周期标的，适用其他框架,0.0,非强周期标的，适用其他框架,0.0,非强周期标的，适用其他框架,0.0,非强周期标的，适用其他框架,"{""_applicable"":""no"",""_decision_missing_dimensions"":[],""_evidence"":""complete"",""_scope"":""非强周期标的，适用其他框架"",""_score_quality"":""模型不适用，0分不是结论"",""_status"":""not_applicable""}",0.0,False,False,0.0,公司并非亏损或净利率≤5%的微利标的,0.0,公司并非亏损或净利率≤5%的微利标的,0.0,公司并非亏损或净利率≤5%的微利标的,0.0,公司并非亏损或净利率≤5%的微利标的,0.0,公司并非亏损或净利率≤5%的微利标的,"{""_applicable"":""no"",""_decision_missing_dimensions"":[],""_evidence"":""complete"",""_scope"":""公司并非亏损或净利率≤5%的微利标的"",""_score_quality"":""模型不适用，0分不是结论"",""_status"":""not_applicable""}",4.6,False,False,5.053,长期质量回报50.53,4.29,产业质量估值42.90,4.45,商业安全44.50；边际6.7,"{""_applicable"":""yes"",""_condition"":""补全全部缺失证据后仍至少一套不超过70"",""_decision_missing_dimensions"":[""7a"",""7b"",""7c""],""_evidence"":""incomplete"",""_missing"":""核心必需子项不完整或覆盖不足80%"",""_status"":""not_triggered""}",跳过,economic_not_applicable,ttm_fcff_nonpositive,,,,,,,,{},,,,,,
603278,大业股份,INDUST_MACHINERY,无触发（不买）,2️⃣ 两热一冷,5.9,,False,2b 2.0分:最新同口径利润恶化；2a 6.02分:产业聚合增速8.6%；2c 8.0分:量价冷度;60日-31.1%…,0.0,False,False,0.0,当前经济条件不适用估值,0.0,当前经济条件不适用估值,0.0,当前经济条件不适用估值,0.0,当前经济条件不适用估值,"{""_applicable"":""no"",""_decision_missing_dimensions"":[],""_evidence"":""complete"",""_scope"":""当前经济条件不适用估值"",""_score_quality"":""模型不适用，0分不是结论"",""_status"":""not_applicable""}",5.9,False,False,6.02,产业聚合增速8.6%,2.0,最新同口径利润恶化,8.0,量价冷度;60日-31.1%…,8.85,当前PB/行业0.5倍,"{""_applicable"":""yes"",""_coverage"":""公司3年连续财务数据;同行市净率"",""_decision_missing_dimensions"":[],""_evidence"":""complete"",""_score_quality"":""完整证据评分"",""_status"":""observe""}",0.0,False,False,0.0,趋势增速不足10%,0.0,趋势增速不足10%,0.0,趋势增速不足10%,0.0,趋势增速不足10%,0.0,趋势增速不足10%,"{""_applicable"":""no"",""_decision_missing_dimensions"":[],""_evidence"":""complete"",""_scope"":""趋势增速不足10%"",""_score_quality"":""模型不适用，0分不是结论"",""_status"":""not_applicable""}",0.0,False,False,0.0,当前经济条件不适用估值,0.0,当前经济条件不适用估值,0.0,当前经济条件不适用估值,0.0,当前经济条件不适用估值,0.0,当前经济条件不适用估值,0.0,当前经济条件不适用估值,"{""_applicable"":""no"",""_decision_missing_dimensions"":[],""_evidence"":""complete"",""_scope"":""当前经济条件不适用估值"",""_score_quality"":""模型不适用，0分不是结论"",""_status"":""not_applicable""}",0.0,False,False,0.0,非强周期标的，适用其他框架,0.0,非强周期标的，适用其他框架,0.0,非强周期标的，适用其他框架,0.0,非强周期标的，适用其他框架,0.0,非强周期标的，适用其他框架,"{""_applicable"":""no"",""_decision_missing_dimensions"":[],""_evidence"":""complete"",""_scope"":""非强周期标的，适用其他框架"",""_score_quality"":""模型不适用，0分不是结论"",""_status"":""not_applicable""}",4.7,False,True,6.0,产业增速8.6%,2.7,研发与经营数据,4.3,经营效率与现金流数据,2.0,最新同口径利润转负,10.0,"建议单票≤1%,组合≤8%","{""_applicable"":""yes"",""_condition"":""须确认实际仓位符合建议上限"",""_decision_missing_dimensions"":[],""_evidence"":""complete"",""_profile"":""高景气技术型"",""_risk"":""最坏归零时组合最大损失≤1%"",""_score_quality"":""完整证据评分"",""_status"":""vetoed"",""_veto"":""仅1项核心证据≥5""}",3.3,False,False,3.448,长期质量回报34.48,2.887,产业质量估值28.87,3.441,商业安全34.41；边际6.2,"{""_applicable"":""yes"",""_condition"":""补全全部缺失证据后仍至少一套不超过70"",""_decision_missing_dimensions"":[""7a"",""7b"",""7c""],""_evidence"":""incomplete"",""_missing"":""核心必需子项不完整或覆盖不足80%"",""_status"":""not_triggered""}",跳过,economic_not_applicable,ttm_fcff_nonpositive,,,,,,,,{},,,,,,
603633,徕木股份,AUTO_PARTS,无触发（不买）,2️⃣ 两热一冷,5.0,,False,_veto 0.0分:产业与公司热度平均须>4；2b 0.0分:拐点证据不足；2a 5.3分:产业聚合增速6.0%,0.0,False,False,0.0,当前经济条件不适用估值,0.0,当前经济条件不适用估值,0.0,当前经济条件不适用估值,0.0,当前经济条件不适用估值,"{""_applicable"":""no"",""_decision_missing_dimensions"":[],""_evidence"":""complete"",""_scope"":""当前经济条件不适用估值"",""_score_quality"":""模型不适用，0分不是结论"",""_status"":""not_applicable""}",5.0,False,True,5.3,产业聚合增速6.0%,0.0,拐点证据不足,8.0,量价冷度;60日-35.2%…,8.47,当前PB/行业0.6倍,"{""_applicable"":""yes"",""_coverage"":""公司3年连续财务数据;同行市净率"",""_decision_missing_dimensions"":[],""_evidence"":""complete"",""_score_quality"":""完整证据评分"",""_status"":""vetoed"",""_veto"":""产业与公司热度平均须>4""}",3.5,False,True,3.0,盈利能力与同行数据,2.0,最新同口径利润转负,1.5,投入回报率减资金成本=-19.0%,5.0,弱代理2.0分:最新同口径利润转负,8.0,行业与估值数据,"{""_applicable"":""yes"",""_decision_missing_dimensions"":[""3b"",""3d""],""_evidence"":""incomplete"",""_missing"":""缺增长质量/增长持续性证据"",""_score_quality"":""证据不足，分数仅供诊断"",""_status"":""vetoed"",""_veto"":""护城河证据不足""}",0.0,False,False,0.0,当前经济条件不适用估值,0.0,当前经济条件不适用估值,0.0,当前经济条件不适用估值,0.0,当前经济条件不适用估值,0.0,当前经济条件不适用估值,0.0,当前经济条件不适用估值,"{""_applicable"":""no"",""_decision_missing_dimensions"":[],""_evidence"":""complete"",""_scope"":""当前经济条件不适用估值"",""_score_quality"":""模型不适用，0分不是结论"",""_status"":""not_applicable""}",0.0,False,False,0.0,非强周期标的，适用其他框架,0.0,非强周期标的，适用其他框架,0.0,非强周期标的，适用其他框架,0.0,非强周期标的，适用其他框架,0.0,非强周期标的，适用其他框架,"{""_applicable"":""no"",""_decision_missing_dimensions"":[],""_evidence"":""complete"",""_scope"":""非强周期标的，适用其他框架"",""_score_quality"":""模型不适用，0分不是结论"",""_status"":""not_applicable""}",4.6,False,False,3.0,产业增速6.0%,5.7,研发与经营数据,5.8,经营效率与现金流数据,2.0,最新同口径利润转负,9.0,"建议单票≤3%,组合≤15%","{""_applicable"":""yes"",""_condition"":""须确认实际仓位符合建议上限"",""_decision_missing_dimensions"":[],""_evidence"":""complete"",""_profile"":""平稳产业反转型"",""_risk"":""最坏归零时组合最大损失≤3%"",""_score_quality"":""完整证据评分"",""_status"":""not_triggered""}",3.6,False,False,4.018,长期质量回报40.18,3.467,产业质量估值34.67,3.418,商业安全34.18；边际4.9,"{""_applicable"":""yes"",""_condition"":""补全全部缺失证据后仍至少一套不超过70"",""_decision_missing_dimensions"":[""7a"",""7b"",""7c""],""_evidence"":""incomplete"",""_missing"":""核心必需子项不完整或覆盖不足80%"",""_status"":""not_triggered""}",跳过,economic_not_applicable,ttm_fcff_nonpositive,,,,,,,,{},,,,,,
603696,安记食品,FOOD_BEV,无触发（不买）,7️⃣ 优质股权型,3.7,,True,_condition 3.63分:补全全部缺失证据后仍至少一套不超过70；7a 3.63分:长期质量回报36.26；7c 3.77分:商业安全37.67；边际8.4,3.5,False,True,1.5,远离买入区673%,8.0,五项满分3项,0.4,FCF0.7%;末1621.41万,1.0,最新报告期经营现金流为负,"{""_applicable"":""yes"",""_condition"":""须进入模型买入区"",""_decision_missing_dimensions"":[],""_evidence"":""complete"",""_score_quality"":""完整证据评分"",""_status"":""vetoed"",""_veto"":""买入区深度不足""}",3.4,False,True,1.84,产业聚合增速-1.3%,2.0,最新同口径现金恶化,8.0,量价冷度;60日-33.1%…,1.7,当前PB/行业2.3倍,"{""_applicable"":""yes"",""_condition"":""估值须合理或满足强周期修正"",""_coverage"":""公司3年连续财务数据;同行市净率"",""_decision_missing_dimensions"":[],""_evidence"":""complete"",""_score_quality"":""完整证据评分"",""_status"":""vetoed"",""_veto"":""产业与公司热度平均须>4""}",0.0,False,False,0.0,趋势增速不足10%,0.0,趋势增速不足10%,0.0,趋势增速不足10%,0.0,趋势增速不足10%,0.0,趋势增速不足10%,"{""_applicable"":""no"",""_decision_missing_dimensions"":[],""_evidence"":""complete"",""_scope"":""趋势增速不足10%"",""_score_quality"":""模型不适用，0分不是结论"",""_status"":""not_applicable""}",2.3,False,False,1.5,增长趋势与同行数据,2.0,最新报告期经营现金流为负,3.7,多年盈利稳定性数据,0.0,价格/10年中性终局6.9倍,8.2,行业营收与利润数据,0.0,乐观上沿透支30年+,"{""_4f_formula"":""opt_upper_v1"",""_applicable"":""yes"",""_decision_missing_dimensions"":[],""_evidence"":""complete"",""_score_quality"":""完整证据评分"",""_status"":""not_triggered""}",0.0,False,False,0.0,非强周期标的，适用其他框架,0.0,非强周期标的，适用其他框架,0.0,非强周期标的，适用其他框架,0.0,非强周期标的，适用其他框架,0.0,非强周期标的，适用其他框架,"{""_applicable"":""no"",""_decision_missing_dimensions"":[],""_evidence"":""complete"",""_scope"":""非强周期标的，适用其他框架"",""_score_quality"":""模型不适用，0分不是结论"",""_status"":""not_applicable""}",3.5,False,True,1.0,产业增速-1.3%,2.6,研发与经营数据,6.0,经营效率与现金流数据,2.0,最新同口径经营现金流降幅≥50%,9.0,"建议单票≤3%,组合≤15%","{""_applicable"":""yes"",""_condition"":""须确认实际仓位符合建议上限"",""_decision_missing_dimensions"":[],""_evidence"":""complete"",""_profile"":""平稳产业反转型"",""_risk"":""最坏归零时组合最大损失≤3%"",""_score_quality"":""完整证据评分"",""_status"":""vetoed"",""_veto"":""仅1项核心证据≥5""}",3.7,False,False,3.626,长期质量回报36.26,3.802,产业质量估值38.02,3.767,商业安全37.67；边际8.4,"{""_applicable"":""yes"",""_condition"":""补全全部缺失证据后仍至少一套不超过70"",""_decision_missing_dimensions"":[""7a"",""7b"",""7c""],""_evidence"":""incomplete"",""_missing"":""核心必需子项不完整或覆盖不足80%"",""_status"":""not_triggered""}",有效,,,卖出区,10.35,1.3387516738209013,1.7281543975838332,-745.55,0.083,16214146.610000001,"{""neutral"":{""current_period_growth_cap_basis"":""missing_current_period_conservative_cap"",""forecast_years"":5,""growth"":-0.1,""growth_evidence"":""historical_cagr_and_trend"",""margin_retention"":0.6,""structural_decline_evidence"":null,""terminal_g"":0.01,""wacc_base"":0.08295309678839458},""optimistic"":{""current_period_growth_cap_basis"":""missing_current_period_conservative_cap"",""forecast_years"":5,""growth"":0.0,""growth_evidence"":""historical_cagr_and_trend"",""margin_retention"":0.85,""structural_decline_evidence"":null,""terminal_g"":0.02,""wacc_base"":0.07795309678839457},""pessimistic"":{""current_period_growth_cap_basis"":""missing_current_period_conservative_cap"",""forecast_years"":5,""growth"":-0.2,""growth_evidence"":""historical_cagr_and_trend"",""margin_retention"":0.4,""structural_decline_evidence"":null,""terminal_g"":0.0,""wacc_base"":0.09295309678839457}}",1.1968208130945506,1.2240555395804482,1.4534478080613544,1.5281069417613906,1.9282018534062757,2.1194574201898737
603786,科博达,AUTO_VEHICLE,无触发（不买）,2️⃣ 两热一冷,6.1,,True,2b 4.0分:最新同口径利润明显下滑；2a 5.68分:产业聚合增速7.4%；2d 7.64分:归母利润趋势PEG1.2,3.9,False,True,1.5,远离买入区1387%,9.0,五项满分4项,0.7,FCF1.1%;末1.71亿,0.9,最新同口径利润降幅≥20%,"{""_applicable"":""yes"",""_condition"":""须进入模型买入区"",""_decision_missing_dimensions"":[],""_evidence"":""complete"",""_score_quality"":""完整证据评分"",""_status"":""vetoed"",""_veto"":""买入区深度不足""}",6.1,False,False,5.68,产业聚合增速7.4%,4.0,最新同口径利润明显下滑,8.0,量价冷度;60日-25.8%…,7.64,归母利润趋势PEG1.2,"{""_applicable"":""yes"",""_coverage"":""公司3年连续财务数据;盈利趋势PEG"",""_decision_missing_dimensions"":[],""_evidence"":""complete"",""_score_quality"":""完整证据评分"",""_status"":""observe""}",4.8,False,False,5.9,盈利能力与同行数据,3.0,最新同口径利润降幅≥20%,3.5,投入回报率减资金成本=0.1%,5.0,弱代理4.0分:最新同口径利润降幅≥2…,8.0,行业与估值数据,"{""_applicable"":""yes"",""_decision_missing_dimensions"":[""3b"",""3d""],""_evidence"":""incomplete"",""_missing"":""缺增长质量/增长持续性证据"",""_score_quality"":""证据不足，分数仅供诊断"",""_status"":""insufficient_evidence""}",4.4,False,False,5.5,增长趋势与同行数据,4.0,最新同口径利润降幅≥20%,6.7,多年盈利稳定性数据,0.0,价格/10年中性终局12.9倍,8.6,行业营收与利润数据,0.0,乐观上沿透支30年+,"{""_4f_formula"":""opt_upper_v1"",""_applicable"":""yes"",""_decision_missing_dimensions"":[],""_evidence"":""complete"",""_score_quality"":""完整证据评分"",""_status"":""not_triggered""}",0.0,False,False,0.0,非强周期标的，适用其他框架,0.0,非强周期标的，适用其他框架,0.0,非强周期标的，适用其他框架,0.0,非强周期标的，适用其他框架,0.0,非强周期标的，适用其他框架,"{""_applicable"":""no"",""_decision_missing_dimensions"":[],""_evidence"":""complete"",""_scope"":""非强周期标的，适用其他框架"",""_score_quality"":""模型不适用，0分不是结论"",""_status"":""not_applicable""}",0.0,False,False,0.0,平稳产业反转型市值超过100亿元,0.0,平稳产业反转型市值超过100亿元,0.0,平稳产业反转型市值超过100亿元,0.0,平稳产业反转型市值超过100亿元,0.0,平稳产业反转型市值超过100亿元,"{""_applicable"":""no"",""_decision_missing_dimensions"":[],""_evidence"":""complete"",""_scope"":""平稳产业反转型市值超过100亿元"",""_score_quality"":""模型不适用，0分不是结论"",""_status"":""not_applicable""}",5.5,False,False,6.023,长期质量回报60.23,4.884,产业质量估值48.84,5.543,商业安全55.43；边际8.8,"{""_applicable"":""yes"",""_condition"":""补全全部缺失证据后仍至少一套不超过70"",""_decision_missing_dimensions"":[""7a"",""7b"",""7c""],""_evidence"":""incomplete"",""_missing"":""核心必需子项不完整或覆盖不足80%"",""_status"":""not_triggered""}",有效,,,卖出区,39.92,2.6848129974474197,3.8627065072681344,-1556.32,0.1371,171368018.04999995,"{""neutral"":{""current_period_growth_cap_basis"":""current_period_material_deterioration"",""forecast_years"":5,""growth"":-0.05,""growth_evidence"":""historical_cagr_and_trend"",""margin_retention"":0.6,""structural_decline_evidence"":null,""terminal_g"":0.01,""wacc_base"":0.13708526094119644},""optimistic"":{""current_period_growth_cap_basis"":""current_period_material_deterioration"",""forecast_years"":5,""growth"":0.05,""growth_evidence"":""historical_cagr_and_trend"",""margin_retention"":0.85,""structural_decline_evidence"":null,""terminal_g"":0.02,""wacc_base"":0.13208526094119644},""pessimistic"":{""current_period_growth_cap_basis"":""current_period_material_deterioration"",""forecast_years"":5,""growth"":-0.1,""growth_evidence"":""historical_cagr_and_trend"",""margin_retention"":0.4,""structural_decline_evidence"":null,""terminal_g"":0.0,""wacc_base"":0.14708526094119645}}",2.2903939629420065,2.4101578204050025,2.959468174489837,3.15787169512218,4.567541319414089,4.964706032087665
603936,博敏电子,ELEC_COMPONENT,无触发（不买）,2️⃣ 两热一冷,5.6,,False,2b 2.0分:最新同口径利润恶化；2c 5.6分:量价冷度;60日-13.6%…；2a 7.5分:产业聚合增速16.3%,0.0,False,False,0.0,当前经济条件不适用估值,0.0,当前经济条件不适用估值,0.0,当前经济条件不适用估值,0.0,当前经济条件不适用估值,"{""_applicable"":""no"",""_decision_missing_dimensions"":[],""_evidence"":""complete"",""_scope"":""当前经济条件不适用估值"",""_score_quality"":""模型不适用，0分不是结论"",""_status"":""not_applicable""}",5.6,False,False,7.5,产业聚合增速16.3%,2.0,最新同口径利润恶化,5.6,量价冷度;60日-13.6%…,8.65,当前PB/行业0.6倍,"{""_applicable"":""yes"",""_coverage"":""公司3年连续财务数据;同行市净率"",""_decision_missing_dimensions"":[],""_evidence"":""complete"",""_score_quality"":""完整证据评分"",""_status"":""observe""}",0.0,False,False,0.0,趋势增速不足10%,0.0,趋势增速不足10%,0.0,趋势增速不足10%,0.0,趋势增速不足10%,0.0,趋势增速不足10%,"{""_applicable"":""no"",""_decision_missing_dimensions"":[],""_evidence"":""complete"",""_scope"":""趋势增速不足10%"",""_score_quality"":""模型不适用，0分不是结论"",""_status"":""not_applicable""}",0.0,False,False,0.0,当前经济条件不适用估值,0.0,当前经济条件不适用估值,0.0,当前经济条件不适用估值,0.0,当前经济条件不适用估值,0.0,当前经济条件不适用估值,0.0,当前经济条件不适用估值,"{""_applicable"":""no"",""_decision_missing_dimensions"":[],""_evidence"":""complete"",""_scope"":""当前经济条件不适用估值"",""_score_quality"":""模型不适用，0分不是结论"",""_status"":""not_applicable""}",0.0,False,False,0.0,非强周期标的，适用其他框架,0.0,非强周期标的，适用其他框架,0.0,非强周期标的，适用其他框架,0.0,非强周期标的，适用其他框架,0.0,非强周期标的，适用其他框架,"{""_applicable"":""no"",""_decision_missing_dimensions"":[],""_evidence"":""complete"",""_scope"":""非强周期标的，适用其他框架"",""_score_quality"":""模型不适用，0分不是结论"",""_status"":""not_applicable""}",5.3,False,False,6.0,产业增速16.3%,3.6,研发与经营数据,7.0,经营效率与现金流数据,2.0,最新同口径利润转负,10.0,"建议单票≤1%,组合≤8%","{""_applicable"":""yes"",""_condition"":""须确认实际仓位符合建议上限"",""_decision_missing_dimensions"":[],""_evidence"":""complete"",""_profile"":""高景气技术型"",""_risk"":""最坏归零时组合最大损失≤1%"",""_score_quality"":""完整证据评分"",""_status"":""observe""}",3.4,False,False,3.535,长期质量回报35.35,3.415,产业质量估值34.15,3.371,商业安全33.71；边际5.0,"{""_applicable"":""yes"",""_condition"":""补全全部缺失证据后仍至少一套不超过70"",""_decision_missing_dimensions"":[""7a"",""7b"",""7c""],""_evidence"":""incomplete"",""_missing"":""核心必需子项不完整或覆盖不足80%"",""_status"":""not_triggered""}",跳过,economic_not_applicable,ttm_fcff_nonpositive,,,,,,,,{},,,,,,
605008,长鸿高科,CHEMICAL,无触发（不买）,6️⃣ 高风险早期/困境型,4.5,,False,_veto 2.0分:仅1项核心证据≥5；_condition 2.0分:须确认实际仓位符合建议上限；6d 2.0分:最新同口径利润降幅≥50%,0.0,False,False,0.0,当前经济条件不适用估值,0.0,当前经济条件不适用估值,0.0,当前经济条件不适用估值,0.0,当前经济条件不适用估值,"{""_applicable"":""no"",""_decision_missing_dimensions"":[],""_evidence"":""complete"",""_scope"":""当前经济条件不适用估值"",""_score_quality"":""模型不适用，0分不是结论"",""_status"":""not_applicable""}",3.4,False,True,2.78,产业聚合增速1.3%,2.0,年度利润暴跌,6.5,量价冷度;60日-0.3%…,2.25,当前PB/行业1.9倍,"{""_applicable"":""yes"",""_condition"":""估值须合理或满足强周期修正"",""_coverage"":""公司3年连续财务数据;同行市净率"",""_decision_missing_dimensions"":[],""_evidence"":""complete"",""_score_quality"":""完整证据评分"",""_status"":""vetoed"",""_veto"":""产业与公司热度平均须>4""}",3.4,False,False,3.1,盈利能力与同行数据,2.0,最新报告期利润为负,1.5,投入回报率减资金成本=-9.9%,5.0,弱代理2.0分:最新报告期利润为负,6.5,行业与估值数据,"{""_applicable"":""yes"",""_decision_missing_dimensions"":[""3b"",""3d""],""_evidence"":""incomplete"",""_missing"":""缺增长质量/增长持续性证据"",""_score_quality"":""证据不足，分数仅供诊断"",""_status"":""insufficient_evidence""}",0.0,False,False,0.0,当前经济条件不适用估值,0.0,当前经济条件不适用估值,0.0,当前经济条件不适用估值,0.0,当前经济条件不适用估值,0.0,当前经济条件不适用估值,0.0,当前经济条件不适用估值,"{""_applicable"":""no"",""_decision_missing_dimensions"":[],""_evidence"":""complete"",""_scope"":""当前经济条件不适用估值"",""_score_quality"":""模型不适用，0分不是结论"",""_status"":""not_applicable""}",4.8,False,False,7.0,大宗行业/毛利/利润周期,5.0,缺PB历史证据,2.0,资产负债表稳健0项,6.0,历史利润振幅5.1倍,1.0,10年均利PE55.6倍,"{""_applicable"":""yes"",""_decision_missing_dimensions"":[""5b""],""_evidence"":""incomplete"",""_missing"":""缺底部证据"",""_score_quality"":""证据不足，分数仅供诊断"",""_status"":""insufficient_evidence""}",4.5,False,True,3.0,产业增速1.3%,4.1,研发与经营数据,7.0,经营效率与现金流数据,2.0,最新同口径利润降幅≥50%,9.0,"建议单票≤3%,组合≤15%","{""_applicable"":""yes"",""_condition"":""须确认实际仓位符合建议上限"",""_decision_missing_dimensions"":[],""_evidence"":""complete"",""_profile"":""平稳产业反转型"",""_risk"":""最坏归零时组合最大损失≤3%"",""_score_quality"":""完整证据评分"",""_status"":""vetoed"",""_veto"":""仅1项核心证据≥5""}",3.7,False,False,3.981,长期质量回报39.81,3.554,产业质量估值35.54,3.43,商业安全34.30；边际5.5,"{""_applicable"":""yes"",""_condition"":""补全全部缺失证据后仍至少一套不超过70"",""_decision_missing_dimensions"":[""7a"",""7b"",""7c""],""_evidence"":""incomplete"",""_missing"":""核心必需子项不完整或覆盖不足80%"",""_status"":""not_triggered""}",跳过,economic_not_applicable,ttm_fcff_nonpositive,,,,,,,,{},,,,,,
605117,德业股份,NEW_ENERGY_VEH,无触发（不买）,2️⃣ 两热一冷,5.8,,True,2a 1.43分:产业聚合增速-4.6%；2c 4.9分:量价冷度;60日-10.8%…；2b 8.0分:拐点4项:利润连升+现金流支撑,4.1,False,True,1.5,远离买入区332%,6.0,五项满分3项,1.7,FCF2.6%;末40.60亿,7.8,财务趋势与同行数据,"{""_applicable"":""yes"",""_condition"":""须进入模型买入区"",""_decision_missing_dimensions"":[],""_evidence"":""complete"",""_score_quality"":""完整证据评分"",""_status"":""vetoed"",""_veto"":""买入区深度不足""}",5.8,False,False,1.43,产业聚合增速-4.6%,8.0,拐点4项:利润连升+现金流支撑,4.9,量价冷度;60日-10.8%…,9.13,归母利润趋势PEG0.8,"{""_applicable"":""yes"",""_coverage"":""公司3年连续财务数据;盈利趋势PEG"",""_decision_missing_dimensions"":[],""_evidence"":""complete"",""_score_quality"":""完整证据评分"",""_status"":""observe""}",6.8,False,False,9.0,盈利能力与同行数据,5.0,质代8;扣非0.96/稀释0.0%,9.5,投入回报率减资金成本=13.0%,5.0,弱代理6.0分:趋势增速27.8%,4.0,行业与估值数据,"{""_applicable"":""yes"",""_decision_missing_dimensions"":[""3b"",""3d""],""_evidence"":""incomplete"",""_missing"":""缺增长质量/增长持续性证据"",""_score_quality"":""证据不足，分数仅供诊断"",""_status"":""insufficient_evidence""}",4.9,False,False,1.5,增长趋势与同行数据,8.8,净9/毛10/现8/ROIC9,8.5,多年盈利稳定性数据,0.0,价格/10年中性终局2.7倍,4.0,行业营收与利润数据,4.0,乐观上沿透支8年,"{""_4f_formula"":""opt_upper_v1"",""_applicable"":""yes"",""_decision_missing_dimensions"":[],""_evidence"":""complete"",""_score_quality"":""完整证据评分"",""_status"":""not_triggered""}",0.0,False,False,0.0,非强周期标的，适用其他框架,0.0,非强周期标的，适用其他框架,0.0,非强周期标的，适用其他框架,0.0,非强周期标的，适用其他框架,0.0,非强周期标的，适用其他框架,"{""_applicable"":""no"",""_decision_missing_dimensions"":[],""_evidence"":""complete"",""_scope"":""非强周期标的，适用其他框架"",""_score_quality"":""模型不适用，0分不是结论"",""_status"":""not_applicable""}",0.0,False,False,0.0,平稳产业反转型市值超过100亿元,0.0,平稳产业反转型市值超过100亿元,0.0,平稳产业反转型市值超过100亿元,0.0,平稳产业反转型市值超过100亿元,0.0,平稳产业反转型市值超过100亿元,"{""_applicable"":""no"",""_decision_missing_dimensions"":[],""_evidence"":""complete"",""_scope"":""平稳产业反转型市值超过100亿元"",""_score_quality"":""模型不适用，0分不是结论"",""_status"":""not_applicable""}",6.1,False,False,6.139,长期质量回报61.39,5.571,产业质量估值55.71,6.515,商业安全65.15；边际10.4,"{""_applicable"":""yes"",""_condition"":""三套分数均须严格大于70"",""_decision_missing_dimensions"":[""7a"",""7b"",""7c""],""_evidence"":""incomplete"",""_missing"":""核心必需子项不完整或覆盖不足80%"",""_status"":""insufficient_evidence""}",有效,,,卖出区,88.45,20.453945805698446,42.952977877724365,-762.82,0.1224,2897754889.34,"{""neutral"":{""current_period_growth_cap_basis"":""no_current_period_downward_cap"",""forecast_years"":5,""growth"":0.15,""growth_evidence"":""historical_cagr_and_trend"",""margin_retention"":0.8,""structural_decline_evidence"":null,""terminal_g"":0.01,""wacc_base"":0.12238447780630649},""optimistic"":{""current_period_growth_cap_basis"":""no_current_period_downward_cap"",""forecast_years"":5,""growth"":0.25,""growth_evidence"":""historical_cagr_and_trend"",""margin_retention"":0.9,""structural_decline_evidence"":null,""terminal_g"":0.02,""wacc_base"":0.11738447780630648},""pessimistic"":{""current_period_growth_cap_basis"":""no_current_period_downward_cap"",""forecast_years"":5,""growth"":-0.15,""growth_evidence"":""historical_cagr_and_trend"",""margin_retention"":0.7,""structural_decline_evidence"":null,""terminal_g"":0.0,""wacc_base"":0.1323844778063065}}",9.81320125672068,10.251280712546054,30.65661089885084,33.41707542436422,52.4888803310845,58.478990928629266
605128,上海沿浦,AUTO_VEHICLE,无触发（不买）,2️⃣ 两热一冷,5.6,,True,_veto 2.0分:产业与公司热度平均须>4；2b 2.0分:最新同口径现金恶化；2a 5.68分:产业聚合增速7.4%,3.9,False,True,1.5,远离买入区622%,9.0,五项满分4项,1.0,FCF1.5%;末9214.18万,1.0,最新同口径经营现金流降幅≥50%,"{""_applicable"":""yes"",""_condition"":""须进入模型买入区"",""_decision_missing_dimensions"":[],""_evidence"":""complete"",""_score_quality"":""完整证据评分"",""_status"":""vetoed"",""_veto"":""买入区深度不足""}",5.6,False,True,5.68,产业聚合增速7.4%,2.0,最新同口径现金恶化,6.7,量价冷度;60日-11.3%…,9.75,归母利润趋势PEG0.6,"{""_applicable"":""yes"",""_coverage"":""公司3年连续财务数据;盈利趋势PEG"",""_decision_missing_dimensions"":[],""_evidence"":""complete"",""_score_quality"":""完整证据评分"",""_status"":""vetoed"",""_veto"":""产业与公司热度平均须>4""}",3.6,False,False,3.9,盈利能力与同行数据,2.0,最新同口径经营现金流降幅≥50%,1.5,投入回报率减资金成本=-5.2%,5.0,弱代理2.0分:最新同口径经营现金流降…,6.7,行业与估值数据,"{""_applicable"":""yes"",""_decision_missing_dimensions"":[""3b"",""3d""],""_evidence"":""incomplete"",""_missing"":""缺增长质量/增长持续性证据"",""_score_quality"":""证据不足，分数仅供诊断"",""_status"":""insufficient_evidence""}",3.6,False,False,5.5,增长趋势与同行数据,2.0,最新同口径经营现金流降幅≥50%,5.0,多年盈利稳定性数据,0.0,价格/10年中性终局6.4倍,8.6,行业营收与利润数据,0.0,乐观上沿透支30年+,"{""_4f_formula"":""opt_upper_v1"",""_applicable"":""yes"",""_decision_missing_dimensions"":[],""_evidence"":""complete"",""_score_quality"":""完整证据评分"",""_status"":""not_triggered""}",0.0,False,False,0.0,非强周期标的，适用其他框架,0.0,非强周期标的，适用其他框架,0.0,非强周期标的，适用其他框架,0.0,非强周期标的，适用其他框架,0.0,非强周期标的，适用其他框架,"{""_applicable"":""no"",""_decision_missing_dimensions"":[],""_evidence"":""complete"",""_scope"":""非强周期标的，适用其他框架"",""_score_quality"":""模型不适用，0分不是结论"",""_status"":""not_applicable""}",0.0,False,False,0.0,公司并非亏损或净利率≤5%的微利标的,0.0,公司并非亏损或净利率≤5%的微利标的,0.0,公司并非亏损或净利率≤5%的微利标的,0.0,公司并非亏损或净利率≤5%的微利标的,0.0,公司并非亏损或净利率≤5%的微利标的,"{""_applicable"":""no"",""_decision_missing_dimensions"":[],""_evidence"":""complete"",""_scope"":""公司并非亏损或净利率≤5%的微利标的"",""_score_quality"":""模型不适用，0分不是结论"",""_status"":""not_applicable""}",5.0,False,False,5.369,长期质量回报53.69,4.66,产业质量估值46.60,4.873,商业安全48.73；边际8.6,"{""_applicable"":""yes"",""_condition"":""补全全部缺失证据后仍至少一套不超过70"",""_decision_missing_dimensions"":[""7a"",""7b"",""7c""],""_evidence"":""incomplete"",""_missing"":""核心必需子项不完整或覆盖不足80%"",""_status"":""not_triggered""}",有效,,,卖出区,19.88,2.7538884500862877,3.5413124798712583,-698.84,0.1354,92141767.88000003,"{""neutral"":{""current_period_growth_cap_basis"":""current_period_severe_deterioration"",""forecast_years"":5,""growth"":-0.1,""growth_evidence"":""historical_cagr_and_trend"",""margin_retention"":0.6,""structural_decline_evidence"":null,""terminal_g"":0.01,""wacc_base"":0.13539544988469618},""optimistic"":{""current_period_growth_cap_basis"":""current_period_severe_deterioration"",""forecast_years"":5,""growth"":0.0,""growth_evidence"":""historical_cagr_and_trend"",""margin_retention"":0.85,""structural_decline_evidence"":null,""terminal_g"":0.02,""wacc_base"":0.13039544988469617},""pessimistic"":{""current_period_growth_cap_basis"":""current_period_severe_deterioration"",""forecast_years"":5,""growth"":-0.2,""growth_evidence"":""historical_cagr_and_trend"",""margin_retention"":0.4,""structural_decline_evidence"":null,""terminal_g"":0.0,""wacc_base"":0.1453954498846962}}",2.439357954452442,2.488606565149474,3.019170335023101,3.1281890585599434,3.954435901182573,4.178091561106291
605305,中际联合,NEW_ENERGY_VEH,无触发（不买）,7️⃣ 优质股权型,5.4,,True,_condition 4.84分:补全全部缺失证据后仍至少一套不超过70；7b 4.84分:产业质量估值48.39；7c 5.65分:商业安全56.46；边际9.5,3.7,False,True,1.5,远离买入区428%,8.0,五项满分4项,1.5,FCF2.3%;末2.46亿,1.0,最新同口径经营现金流转负,"{""_applicable"":""yes"",""_condition"":""须进入模型买入区"",""_decision_missing_dimensions"":[],""_evidence"":""complete"",""_score_quality"":""完整证据评分"",""_status"":""vetoed"",""_veto"":""买入区深度不足""}",4.6,False,True,1.44,产业聚合增速-4.5%,2.0,最新同口径现金恶化,6.4,量价冷度;60日-16.7%…,10.0,归母利润趋势PEG0.3,"{""_applicable"":""yes"",""_coverage"":""公司3年连续财务数据;盈利趋势PEG"",""_decision_missing_dimensions"":[],""_evidence"":""complete"",""_score_quality"":""完整证据评分"",""_status"":""vetoed"",""_veto"":""产业与公司热度平均须>4""}",4.9,False,False,5.5,盈利能力与同行数据,2.0,最新同口径经营现金流转负,7.5,投入回报率减资金成本=5.4%,5.0,弱代理2.0分:最新同口径经营现金流转负,4.0,行业与估值数据,"{""_applicable"":""yes"",""_decision_missing_dimensions"":[""3b"",""3d""],""_evidence"":""incomplete"",""_missing"":""缺增长质量/增长持续性证据"",""_score_quality"":""证据不足，分数仅供诊断"",""_status"":""insufficient_evidence""}",2.5,False,False,1.5,增长趋势与同行数据,2.0,最新同口径经营现金流转负,6.6,多年盈利稳定性数据,0.0,价格/10年中性终局4.5倍,4.0,行业营收与利润数据,0.0,乐观上沿透支30年+,"{""_4f_formula"":""opt_upper_v1"",""_applicable"":""yes"",""_decision_missing_dimensions"":[],""_evidence"":""complete"",""_score_quality"":""完整证据评分"",""_status"":""not_triggered""}",0.0,False,False,0.0,非强周期标的，适用其他框架,0.0,非强周期标的，适用其他框架,0.0,非强周期标的，适用其他框架,0.0,非强周期标的，适用其他框架,0.0,非强周期标的，适用其他框架,"{""_applicable"":""no"",""_decision_missing_dimensions"":[],""_evidence"":""complete"",""_scope"":""非强周期标的，适用其他框架"",""_score_quality"":""模型不适用，0分不是结论"",""_status"":""not_applicable""}",0.0,False,False,0.0,公司并非亏损或净利率≤5%的微利标的,0.0,公司并非亏损或净利率≤5%的微利标的,0.0,公司并非亏损或净利率≤5%的微利标的,0.0,公司并非亏损或净利率≤5%的微利标的,0.0,公司并非亏损或净利率≤5%的微利标的,"{""_applicable"":""no"",""_decision_missing_dimensions"":[],""_evidence"":""complete"",""_scope"":""公司并非亏损或净利率≤5%的微利标的"",""_score_quality"":""模型不适用，0分不是结论"",""_status"":""not_applicable""}",5.4,False,False,5.846,长期质量回报58.46,4.839,产业质量估值48.39,5.646,商业安全56.46；边际9.5,"{""_applicable"":""yes"",""_condition"":""补全全部缺失证据后仍至少一套不超过70"",""_decision_missing_dimensions"":[""7a"",""7b"",""7c""],""_evidence"":""incomplete"",""_missing"":""核心必需子项不完整或覆盖不足80%"",""_status"":""not_triggered""}",有效,,,卖出区,37.54,7.115665376348375,9.729857004813667,-486.35,0.1218,180016516.5084,"{""neutral"":{""current_period_growth_cap_basis"":""current_period_severe_deterioration"",""forecast_years"":5,""growth"":-0.1,""growth_evidence"":""historical_cagr_and_trend"",""margin_retention"":0.6,""structural_decline_evidence"":null,""terminal_g"":0.01,""wacc_base"":0.12177865274046244},""optimistic"":{""current_period_growth_cap_basis"":""current_period_severe_deterioration"",""forecast_years"":5,""growth"":0.0,""growth_evidence"":""historical_cagr_and_trend"",""margin_retention"":0.85,""structural_decline_evidence"":null,""terminal_g"":0.02,""wacc_base"":0.11677865274046244},""pessimistic"":{""current_period_growth_cap_basis"":""current_period_severe_deterioration"",""forecast_years"":5,""growth"":-0.2,""growth_evidence"":""historical_cagr_and_trend"",""margin_retention"":0.4,""structural_decline_evidence"":null,""terminal_g"":0.0,""wacc_base"":0.13177865274046244}}",6.316973576801541,6.402353788233951,7.828976964462799,8.07450314052984,11.385210869097495,12.103541145479701
605499,东鹏饮料,FOOD_BEV,无触发（不买）,7️⃣ 优质股权型,6.0,,True,_condition 5.08分:补全全部缺失证据后仍至少一套不超过70；7b 5.08分:产业质量估值50.81；7a 6.41分:长期质量回报64.08,3.9,False,True,1.5,远离买入区280%,7.0,五项满分3项,3.5,FCF4.1%;末37.58亿,1.8,最新同口径经营现金流降幅≥20%,"{""_applicable"":""yes"",""_condition"":""须进入模型买入区"",""_decision_missing_dimensions"":[],""_evidence"":""complete"",""_score_quality"":""完整证据评分"",""_status"":""vetoed"",""_veto"":""买入区深度不足""}",5.6,False,True,1.77,产业聚合增速-1.9%,4.0,最新同口径经营现金流明显下滑,8.0,量价冷度;60日-16.2%…,10.0,归母利润趋势PEG0.3,"{""_applicable"":""yes"",""_coverage"":""公司3年连续财务数据;盈利趋势PEG"",""_decision_missing_dimensions"":[],""_evidence"":""complete"",""_score_quality"":""完整证据评分"",""_status"":""vetoed"",""_veto"":""产业与公司热度平均须>4""}",6.9,False,False,9.5,盈利能力与同行数据,3.0,最新同口径经营现金流降幅≥20%,9.5,投入回报率减资金成本=19.7%,5.0,弱代理4.0分:最新同口径经营现金流降…,8.0,行业与估值数据,"{""_applicable"":""yes"",""_decision_missing_dimensions"":[""3b"",""3d""],""_evidence"":""incomplete"",""_missing"":""缺增长质量/增长持续性证据"",""_score_quality"":""证据不足，分数仅供诊断"",""_status"":""insufficient_evidence""}",3.2,False,False,1.5,增长趋势与同行数据,4.0,最新同口径经营现金流降幅≥20%,6.0,多年盈利稳定性数据,0.0,价格/10年中性终局2.8倍,8.2,行业营收与利润数据,0.0,乐观上沿透支19年,"{""_4f_formula"":""opt_upper_v1"",""_applicable"":""yes"",""_decision_missing_dimensions"":[],""_evidence"":""complete"",""_score_quality"":""完整证据评分"",""_status"":""not_triggered""}",0.0,False,False,0.0,非强周期标的，适用其他框架,0.0,非强周期标的，适用其他框架,0.0,非强周期标的，适用其他框架,0.0,非强周期标的，适用其他框架,0.0,非强周期标的，适用其他框架,"{""_applicable"":""no"",""_decision_missing_dimensions"":[],""_evidence"":""complete"",""_scope"":""非强周期标的，适用其他框架"",""_score_quality"":""模型不适用，0分不是结论"",""_status"":""not_applicable""}",0.0,False,False,0.0,平稳产业反转型市值超过100亿元,0.0,平稳产业反转型市值超过100亿元,0.0,平稳产业反转型市值超过100亿元,0.0,平稳产业反转型市值超过100亿元,0.0,平稳产业反转型市值超过100亿元,"{""_applicable"":""no"",""_decision_missing_dimensions"":[],""_evidence"":""complete"",""_scope"":""平稳产业反转型市值超过100亿元"",""_score_quality"":""模型不适用，0分不是结论"",""_status"":""not_applicable""}",6.0,False,False,6.408,长期质量回报64.08,5.081,产业质量估值50.81,6.617,商业安全66.17；边际10.2,"{""_applicable"":""yes"",""_condition"":""补全全部缺失证据后仍至少一套不超过70"",""_decision_missing_dimensions"":[""7a"",""7b"",""7c""],""_evidence"":""incomplete"",""_missing"":""核心必需子项不完整或覆盖不足80%"",""_status"":""not_triggered""}",有效,,,卖出区,125.82,33.14438401814402,63.317223192783864,-375.2,0.0852,3757868775.17,"{""neutral"":{""current_period_growth_cap_basis"":""current_period_material_deterioration"",""forecast_years"":5,""growth"":-0.05,""growth_evidence"":""historical_cagr_and_trend"",""margin_retention"":0.8,""structural_decline_evidence"":null,""terminal_g"":0.01,""wacc_base"":0.08518015795153899},""optimistic"":{""current_period_growth_cap_basis"":""current_period_material_deterioration"",""forecast_years"":5,""growth"":0.05,""growth_evidence"":""historical_cagr_and_trend"",""margin_retention"":0.9,""structural_decline_evidence"":null,""terminal_g"":0.02,""wacc_base"":0.08018015795153899},""pessimistic"":{""current_period_growth_cap_basis"":""current_period_material_deterioration"",""forecast_years"":5,""growth"":-0.1,""growth_evidence"":""historical_cagr_and_trend"",""margin_retention"":0.7,""structural_decline_evidence"":null,""terminal_g"":0.0,""wacc_base"":0.09518015795153899}}",24.05442123753683,26.477529208227406,39.81123882806063,45.28717614576662,81.3472702398011,96.44685281503881
688090,瑞松科技,INDUST_MACHINERY,无触发（不买）,6️⃣ 高风险早期/困境型,5.7,,False,_condition 3.7分:须确认实际仓位符合建议上限；6b 3.7分:研发与经营数据；6d 5.0分:最新同口径利润改善,0.0,False,False,0.0,当前经济条件不适用估值,0.0,当前经济条件不适用估值,0.0,当前经济条件不适用估值,0.0,当前经济条件不适用估值,"{""_applicable"":""no"",""_decision_missing_dimensions"":[],""_evidence"":""complete"",""_scope"":""当前经济条件不适用估值"",""_score_quality"":""模型不适用，0分不是结论"",""_status"":""not_applicable""}",4.8,False,False,6.01,产业聚合增速8.5%,7.5,拐点4项:营收加速+现金流支撑,3.5,量价冷度;60日8.0%…,1.0,当前PB/行业3.8倍,"{""_applicable"":""yes"",""_condition"":""估值须合理或满足强周期修正"",""_coverage"":""公司3年连续财务数据;同行市净率"",""_decision_missing_dimensions"":[],""_evidence"":""complete"",""_score_quality"":""完整证据评分"",""_status"":""not_triggered""}",0.0,False,False,0.0,趋势增速不足10%,0.0,趋势增速不足10%,0.0,趋势增速不足10%,0.0,趋势增速不足10%,0.0,趋势增速不足10%,"{""_applicable"":""no"",""_decision_missing_dimensions"":[],""_evidence"":""complete"",""_scope"":""趋势增速不足10%"",""_score_quality"":""模型不适用，0分不是结论"",""_status"":""not_applicable""}",0.0,False,False,0.0,当前经济条件不适用估值,0.0,当前经济条件不适用估值,0.0,当前经济条件不适用估值,0.0,当前经济条件不适用估值,0.0,当前经济条件不适用估值,0.0,当前经济条件不适用估值,"{""_applicable"":""no"",""_decision_missing_dimensions"":[],""_evidence"":""complete"",""_scope"":""当前经济条件不适用估值"",""_score_quality"":""模型不适用，0分不是结论"",""_status"":""not_applicable""}",0.0,False,False,0.0,非强周期标的，适用其他框架,0.0,非强周期标的，适用其他框架,0.0,非强周期标的，适用其他框架,0.0,非强周期标的，适用其他框架,0.0,非强周期标的，适用其他框架,"{""_applicable"":""no"",""_decision_missing_dimensions"":[],""_evidence"":""complete"",""_scope"":""非强周期标的，适用其他框架"",""_score_quality"":""模型不适用，0分不是结论"",""_status"":""not_applicable""}",5.7,False,False,6.0,产业增速8.5%,3.7,研发与经营数据,5.0,经营效率与现金流数据,5.0,最新同口径利润改善,10.0,"建议单票≤1%,组合≤8%","{""_applicable"":""yes"",""_condition"":""须确认实际仓位符合建议上限"",""_decision_missing_dimensions"":[],""_evidence"":""complete"",""_profile"":""高景气技术型"",""_risk"":""最坏归零时组合最大损失≤1%"",""_score_quality"":""完整证据评分"",""_status"":""observe""}",3.6,False,False,3.709,长期质量回报37.09,3.582,产业质量估值35.82,3.645,商业安全36.45；边际7.2,"{""_applicable"":""yes"",""_condition"":""补全全部缺失证据后仍至少一套不超过70"",""_decision_missing_dimensions"":[""7a"",""7b"",""7c""],""_evidence"":""incomplete"",""_missing"":""核心必需子项不完整或覆盖不足80%"",""_status"":""not_triggered""}",跳过,economic_not_applicable,mixed_profit_cycle_unsupported_by_fcff,,,,,,,,{},,,,,,
688291,金橙子,SOFTWARE,无触发（不买）,2️⃣ 两热一冷,5.9,,False,"2d 5.15分:当前PB/行业1.2倍；2a 5.83分:产业聚合增速7.9%；2b 6.0分:最新同口径营收下滑,拐点封顶",0.0,False,False,0.0,当前经济条件不适用估值,0.0,当前经济条件不适用估值,0.0,当前经济条件不适用估值,0.0,当前经济条件不适用估值,"{""_applicable"":""no"",""_decision_missing_dimensions"":[],""_evidence"":""complete"",""_scope"":""当前经济条件不适用估值"",""_score_quality"":""模型不适用，0分不是结论"",""_status"":""not_applicable""}",5.9,False,False,5.83,产业聚合增速7.9%,6.0,"最新同口径营收下滑,拐点封顶",6.6,量价冷度;60日-12.6%…,5.15,当前PB/行业1.2倍,"{""_applicable"":""yes"",""_coverage"":""公司3年连续财务数据;同行市净率"",""_decision_missing_dimensions"":[],""_evidence"":""complete"",""_score_quality"":""完整证据评分"",""_status"":""observe""}",0.0,False,False,0.0,趋势增速不足10%,0.0,趋势增速不足10%,0.0,趋势增速不足10%,0.0,趋势增速不足10%,0.0,趋势增速不足10%,"{""_applicable"":""no"",""_decision_missing_dimensions"":[],""_evidence"":""complete"",""_scope"":""趋势增速不足10%"",""_score_quality"":""模型不适用，0分不是结论"",""_status"":""not_applicable""}",0.0,False,False,0.0,当前经济条件不适用估值,0.0,当前经济条件不适用估值,0.0,当前经济条件不适用估值,0.0,当前经济条件不适用估值,0.0,当前经济条件不适用估值,0.0,当前经济条件不适用估值,"{""_applicable"":""no"",""_decision_missing_dimensions"":[],""_evidence"":""complete"",""_scope"":""当前经济条件不适用估值"",""_score_quality"":""模型不适用，0分不是结论"",""_status"":""not_applicable""}",0.0,False,False,0.0,非强周期标的，适用其他框架,0.0,非强周期标的，适用其他框架,0.0,非强周期标的，适用其他框架,0.0,非强周期标的，适用其他框架,0.0,非强周期标的，适用其他框架,"{""_applicable"":""no"",""_decision_missing_dimensions"":[],""_evidence"":""complete"",""_scope"":""非强周期标的，适用其他框架"",""_score_quality"":""模型不适用，0分不是结论"",""_status"":""not_applicable""}",0.0,False,False,0.0,公司并非亏损或净利率≤5%的微利标的,0.0,公司并非亏损或净利率≤5%的微利标的,0.0,公司并非亏损或净利率≤5%的微利标的,0.0,公司并非亏损或净利率≤5%的微利标的,0.0,公司并非亏损或净利率≤5%的微利标的,"{""_applicable"":""no"",""_decision_missing_dimensions"":[],""_evidence"":""complete"",""_scope"":""公司并非亏损或净利率≤5%的微利标的"",""_score_quality"":""模型不适用，0分不是结论"",""_status"":""not_applicable""}",4.2,False,False,4.349,长期质量回报43.49,4.143,产业质量估值41.43,3.982,商业安全39.82；边际6.5,"{""_applicable"":""yes"",""_condition"":""补全全部缺失证据后仍至少一套不超过70"",""_decision_missing_dimensions"":[""7a"",""7b"",""7c""],""_evidence"":""incomplete"",""_missing"":""核心必需子项不完整或覆盖不足80%"",""_status"":""not_triggered""}",跳过,economic_not_applicable,ttm_fcff_nonpositive,,,,,,,,{},,,,,,
688314,康拓医疗,MEDICAL_SERVICE,无触发（不买）,7️⃣ 优质股权型,5.3,,True,_condition 4.51分:补全全部缺失证据后仍至少一套不超过70；7b 4.51分:产业质量估值45.09；7c 5.57分:商业安全55.69；边际10.0,4.0,False,True,1.5,远离买入区341%,9.0,五项满分4项,1.4,FCF2.1%;末5797.29万,1.0,最新同口径利润降幅≥20%,"{""_applicable"":""yes"",""_condition"":""须进入模型买入区"",""_decision_missing_dimensions"":[],""_evidence"":""complete"",""_score_quality"":""完整证据评分"",""_status"":""vetoed"",""_veto"":""买入区深度不足""}",4.6,False,True,2.79,产业聚合增速1.3%,4.0,最新同口径利润明显下滑,8.0,量价冷度;60日-33.7%…,3.56,归母利润趋势PEG2.2,"{""_applicable"":""yes"",""_condition"":""估值须合理或满足强周期修正"",""_coverage"":""公司3年连续财务数据;盈利趋势PEG"",""_decision_missing_dimensions"":[],""_evidence"":""complete"",""_score_quality"":""完整证据评分"",""_status"":""vetoed"",""_veto"":""产业与公司热度平均须>4""}",5.4,False,False,6.6,盈利能力与同行数据,3.0,最新同口径利润降幅≥20%,5.5,投入回报率减资金成本=4.4%,5.0,弱代理4.0分:最新同口径利润降幅≥2…,8.0,行业与估值数据,"{""_applicable"":""yes"",""_decision_missing_dimensions"":[""3b"",""3d""],""_evidence"":""incomplete"",""_missing"":""缺增长质量/增长持续性证据"",""_score_quality"":""证据不足，分数仅供诊断"",""_status"":""insufficient_evidence""}",3.2,False,False,1.5,增长趋势与同行数据,4.0,最新同口径利润降幅≥20%,6.0,多年盈利稳定性数据,0.0,价格/10年中性终局3.6倍,8.3,行业营收与利润数据,0.0,乐观上沿透支30年+,"{""_4f_formula"":""opt_upper_v1"",""_applicable"":""yes"",""_decision_missing_dimensions"":[],""_evidence"":""complete"",""_score_quality"":""完整证据评分"",""_status"":""not_triggered""}",0.0,False,False,0.0,非强周期标的，适用其他框架,0.0,非强周期标的，适用其他框架,0.0,非强周期标的，适用其他框架,0.0,非强周期标的，适用其他框架,0.0,非强周期标的，适用其他框架,"{""_applicable"":""no"",""_decision_missing_dimensions"":[],""_evidence"":""complete"",""_scope"":""非强周期标的，适用其他框架"",""_score_quality"":""模型不适用，0分不是结论"",""_status"":""not_applicable""}",0.0,False,False,0.0,公司并非亏损或净利率≤5%的微利标的,0.0,公司并非亏损或净利率≤5%的微利标的,0.0,公司并非亏损或净利率≤5%的微利标的,0.0,公司并非亏损或净利率≤5%的微利标的,0.0,公司并非亏损或净利率≤5%的微利标的,"{""_applicable"":""no"",""_decision_missing_dimensions"":[],""_evidence"":""complete"",""_scope"":""公司并非亏损或净利率≤5%的微利标的"",""_score_quality"":""模型不适用，0分不是结论"",""_status"":""not_applicable""}",5.3,False,False,5.787,长期质量回报57.87,4.509,产业质量估值45.09,5.569,商业安全55.69；边际10.0,"{""_applicable"":""yes"",""_condition"":""补全全部缺失证据后仍至少一套不超过70"",""_decision_missing_dimensions"":[""7a"",""7b"",""7c""],""_evidence"":""incomplete"",""_missing"":""核心必需子项不完整或覆盖不足80%"",""_status"":""not_triggered""}",有效,,,卖出区,29.57,6.712648533171008,10.400215729576017,-400.56,0.0883,51340115.733,"{""neutral"":{""current_period_growth_cap_basis"":""current_period_material_deterioration"",""forecast_years"":5,""growth"":-0.05,""growth_evidence"":""historical_cagr_and_trend"",""margin_retention"":0.6,""structural_decline_evidence"":null,""terminal_g"":0.01,""wacc_base"":0.08825779605805485},""optimistic"":{""current_period_growth_cap_basis"":""current_period_material_deterioration"",""forecast_years"":5,""growth"":0.05,""growth_evidence"":""historical_cagr_and_trend"",""margin_retention"":0.85,""structural_decline_evidence"":null,""terminal_g"":0.02,""wacc_base"":0.08325779605805485},""pessimistic"":{""current_period_growth_cap_basis"":""current_period_material_deterioration"",""forecast_years"":5,""growth"":-0.1,""growth_evidence"":""historical_cagr_and_trend"",""margin_retention"":0.4,""structural_decline_evidence"":null,""terminal_g"":0.0,""wacc_base"":0.09825779605805485}}",5.739821418294315,5.907366019214832,7.517931047127185,7.989129826864176,12.811301632287856,14.397749459440513
688403,汇成股份,SEMICONDUCTOR,无触发（不买）,2️⃣ 两热一冷,4.3,,False,_veto 2.0分:市场周期不够冷；2b 2.0分:最新同口径利润恶化；2c 2.5分:量价冷度;60日49.1%…,0.0,False,False,0.0,当前经济条件不适用估值,0.0,当前经济条件不适用估值,0.0,当前经济条件不适用估值,0.0,当前经济条件不适用估值,"{""_applicable"":""no"",""_decision_missing_dimensions"":[],""_evidence"":""complete"",""_scope"":""当前经济条件不适用估值"",""_score_quality"":""模型不适用，0分不是结论"",""_status"":""not_applicable""}",4.3,False,True,8.07,产业聚合增速21.3%,2.0,最新同口径利润恶化,2.5,量价冷度;60日49.1%…,5.39,当前PB/行业1.1倍,"{""_applicable"":""yes"",""_coverage"":""公司3年连续财务数据;同行市净率"",""_decision_missing_dimensions"":[],""_evidence"":""complete"",""_score_quality"":""完整证据评分"",""_status"":""vetoed"",""_veto"":""市场周期不够冷""}",3.0,False,False,3.1,盈利能力与同行数据,2.0,最新同口径利润转负,1.5,投入回报率减资金成本=-8.3%,5.0,弱代理2.0分:最新同口径利润转负,2.5,行业与估值数据,"{""_applicable"":""yes"",""_decision_missing_dimensions"":[""3b"",""3d""],""_downgrade"":""产业或股价泡沫风险"",""_evidence"":""incomplete"",""_missing"":""缺增长质量/增长持续性证据"",""_score_quality"":""证据不足，分数仅供诊断"",""_status"":""insufficient_evidence""}",0.0,False,False,0.0,当前经济条件不适用估值,0.0,当前经济条件不适用估值,0.0,当前经济条件不适用估值,0.0,当前经济条件不适用估值,0.0,当前经济条件不适用估值,0.0,当前经济条件不适用估值,"{""_applicable"":""no"",""_decision_missing_dimensions"":[],""_evidence"":""complete"",""_scope"":""当前经济条件不适用估值"",""_score_quality"":""模型不适用，0分不是结论"",""_status"":""not_applicable""}",0.0,False,False,0.0,非强周期标的，适用其他框架,0.0,非强周期标的，适用其他框架,0.0,非强周期标的，适用其他框架,0.0,非强周期标的，适用其他框架,0.0,非强周期标的，适用其他框架,"{""_applicable"":""no"",""_decision_missing_dimensions"":[],""_evidence"":""complete"",""_scope"":""非强周期标的，适用其他框架"",""_score_quality"":""模型不适用，0分不是结论"",""_status"":""not_applicable""}",0.0,False,False,0.0,公司并非亏损或净利率≤5%的微利标的,0.0,公司并非亏损或净利率≤5%的微利标的,0.0,公司并非亏损或净利率≤5%的微利标的,0.0,公司并非亏损或净利率≤5%的微利标的,0.0,公司并非亏损或净利率≤5%的微利标的,"{""_applicable"":""no"",""_decision_missing_dimensions"":[],""_evidence"":""complete"",""_scope"":""公司并非亏损或净利率≤5%的微利标的"",""_score_quality"":""模型不适用，0分不是结论"",""_status"":""not_applicable""}",4.0,False,False,4.413,长期质量回报44.13,3.773,产业质量估值37.73,3.728,商业安全37.28；边际6.7,"{""_applicable"":""yes"",""_condition"":""补全全部缺失证据后仍至少一套不超过70"",""_decision_missing_dimensions"":[""7a"",""7b"",""7c""],""_evidence"":""incomplete"",""_missing"":""核心必需子项不完整或覆盖不足80%"",""_status"":""not_triggered""}",跳过,economic_not_applicable,mixed_profit_cycle_unsupported_by_fcff,,,,,,,,{},,,,,,
688578,艾力斯,CHEM_PHARMA,无触发（不买）,2️⃣ 两热一冷,6.3,,True,_veto 2.36分:市场周期不够冷；2a 2.36分:产业聚合增速0.6%；2c 3.0分:量价冷度;60日31.6%…,4.6,False,True,1.5,远离买入区644%,9.0,五项满分4项,1.1,FCF1.6%;末23.47亿,5.4,财务趋势与同行数据,"{""_applicable"":""yes"",""_condition"":""须进入模型买入区"",""_decision_missing_dimensions"":[],""_evidence"":""complete"",""_score_quality"":""完整证据评分"",""_status"":""vetoed"",""_veto"":""买入区深度不足""}",6.3,False,True,2.36,产业聚合增速0.6%,10.0,拐点5项:净利率连升+利润连升,3.0,量价冷度;60日31.6%…,10.0,归母利润趋势PEG0.3,"{""_applicable"":""yes"",""_coverage"":""公司3年连续财务数据;盈利趋势PEG"",""_decision_missing_dimensions"":[],""_evidence"":""complete"",""_score_quality"":""完整证据评分"",""_status"":""vetoed"",""_veto"":""市场周期不够冷""}",4.9,False,False,6.4,盈利能力与同行数据,5.0,质代8;扣非0.92/稀释0.0%,9.5,投入回报率减资金成本=24.1%,5.0,弱代理4.0分:增速趋势减速-1100…,3.0,行业与估值数据,"{""_applicable"":""yes"",""_decision_missing_dimensions"":[""3b"",""3d""],""_downgrade"":""产业或股价泡沫风险"",""_evidence"":""incomplete"",""_missing"":""缺增长质量/增长持续性证据"",""_score_quality"":""证据不足，分数仅供诊断"",""_status"":""insufficient_evidence""}",4.6,False,False,1.5,增长趋势与同行数据,9.6,净10/毛10/现9/ROIC10,5.1,多年盈利稳定性数据,0.0,价格/10年中性终局4.7倍,8.3,行业营收与利润数据,2.0,乐观上沿透支13年,"{""_4f_formula"":""opt_upper_v1"",""_applicable"":""yes"",""_decision_missing_dimensions"":[],""_evidence"":""complete"",""_score_quality"":""完整证据评分"",""_status"":""not_triggered""}",0.0,False,False,0.0,非强周期标的，适用其他框架,0.0,非强周期标的，适用其他框架,0.0,非强周期标的，适用其他框架,0.0,非强周期标的，适用其他框架,0.0,非强周期标的，适用其他框架,"{""_applicable"":""no"",""_decision_missing_dimensions"":[],""_evidence"":""complete"",""_scope"":""非强周期标的，适用其他框架"",""_score_quality"":""模型不适用，0分不是结论"",""_status"":""not_applicable""}",0.0,False,False,0.0,平稳产业反转型市值超过100亿元,0.0,平稳产业反转型市值超过100亿元,0.0,平稳产业反转型市值超过100亿元,0.0,平稳产业反转型市值超过100亿元,0.0,平稳产业反转型市值超过100亿元,"{""_applicable"":""no"",""_decision_missing_dimensions"":[],""_evidence"":""complete"",""_scope"":""平稳产业反转型市值超过100亿元"",""_score_quality"":""模型不适用，0分不是结论"",""_status"":""not_applicable""}",5.7,False,False,6.005,长期质量回报60.05,5.235,产业质量估值52.35,5.779,商业安全57.79；边际10.8,"{""_applicable"":""yes"",""_condition"":""补全全部缺失证据后仍至少一套不超过70"",""_decision_missing_dimensions"":[""7a"",""7b"",""7c""],""_evidence"":""incomplete"",""_missing"":""核心必需子项不完整或覆盖不足80%"",""_status"":""not_triggered""}",有效,,,卖出区,119.24,16.022501447504162,33.646141119249286,-1195.24,0.1045,850910851.4910002,"{""neutral"":{""current_period_growth_cap_basis"":""no_current_period_downward_cap"",""forecast_years"":5,""growth"":0.14,""growth_evidence"":""historical_cagr_and_trend"",""margin_retention"":0.6,""structural_decline_evidence"":null,""terminal_g"":0.01,""wacc_base"":0.10447831341265225},""optimistic"":{""current_period_growth_cap_basis"":""no_current_period_downward_cap"",""forecast_years"":5,""growth"":0.2,""growth_evidence"":""historical_cagr_and_trend"",""margin_retention"":0.85,""structural_decline_evidence"":null,""terminal_g"":0.02,""wacc_base"":0.09947831341265224},""pessimistic"":{""current_period_growth_cap_basis"":""no_current_period_downward_cap"",""forecast_years"":5,""growth"":-0.05,""growth_evidence"":""historical_cagr_and_trend"",""margin_retention"":0.4,""structural_decline_evidence"":null,""terminal_g"":0.0,""wacc_base"":0.11447831341265224}}",8.719560546973662,9.206031916264877,22.838970978743447,25.202960755482632,42.08932148301594,47.90487177925996
688595,芯海科技,SEMICONDUCTOR,无触发（不买）,6️⃣ 高风险早期/困境型,6.8,,False,_condition 2.0分:须确认实际仓位符合建议上限；6d 2.0分:最新同口径利润降幅≥50%；6a 8.0分:产业高速21.3%,0.0,False,False,0.0,当前经济条件不适用估值,0.0,当前经济条件不适用估值,0.0,当前经济条件不适用估值,0.0,当前经济条件不适用估值,"{""_applicable"":""no"",""_decision_missing_dimensions"":[],""_evidence"":""complete"",""_scope"":""当前经济条件不适用估值"",""_score_quality"":""模型不适用，0分不是结论"",""_status"":""not_applicable""}",5.7,False,False,8.07,产业聚合增速21.3%,2.0,最新同口径利润恶化,7.7,量价冷度;60日-27.4%…,5.73,当前PB/行业1.1倍,"{""_applicable"":""yes"",""_coverage"":""公司3年连续财务数据;同行市净率"",""_decision_missing_dimensions"":[],""_evidence"":""complete"",""_score_quality"":""完整证据评分"",""_status"":""observe""}",3.5,False,False,3.3,盈利能力与同行数据,2.0,最新报告期利润为负,1.5,投入回报率减资金成本=-19.3%,5.0,弱代理2.0分:最新报告期利润为负,7.7,行业与估值数据,"{""_applicable"":""yes"",""_decision_missing_dimensions"":[""3b"",""3d""],""_evidence"":""incomplete"",""_missing"":""缺增长质量/增长持续性证据"",""_score_quality"":""证据不足，分数仅供诊断"",""_status"":""insufficient_evidence""}",0.0,False,False,0.0,当前经济条件不适用估值,0.0,当前经济条件不适用估值,0.0,当前经济条件不适用估值,0.0,当前经济条件不适用估值,0.0,当前经济条件不适用估值,0.0,当前经济条件不适用估值,"{""_applicable"":""no"",""_decision_missing_dimensions"":[],""_evidence"":""complete"",""_scope"":""当前经济条件不适用估值"",""_score_quality"":""模型不适用，0分不是结论"",""_status"":""not_applicable""}",0.0,False,False,0.0,非强周期标的，适用其他框架,0.0,非强周期标的，适用其他框架,0.0,非强周期标的，适用其他框架,0.0,非强周期标的，适用其他框架,0.0,非强周期标的，适用其他框架,"{""_applicable"":""no"",""_decision_missing_dimensions"":[],""_evidence"":""complete"",""_scope"":""非强周期标的，适用其他框架"",""_score_quality"":""模型不适用，0分不是结论"",""_status"":""not_applicable""}",6.8,False,False,8.0,产业高速21.3%,8.0,研发与经营数据,8.0,经营效率与现金流数据,2.0,最新同口径利润降幅≥50%,10.0,"建议单票≤1%,组合≤8%","{""_applicable"":""yes"",""_condition"":""须确认实际仓位符合建议上限"",""_decision_missing_dimensions"":[],""_evidence"":""complete"",""_profile"":""高景气技术型"",""_risk"":""最坏归零时组合最大损失≤1%"",""_score_quality"":""完整证据评分"",""_status"":""observe""}",4.2,False,False,4.684,长期质量回报46.84,4.077,产业质量估值40.77,3.949,商业安全39.49；边际5.3,"{""_applicable"":""yes"",""_condition"":""补全全部缺失证据后仍至少一套不超过70"",""_decision_missing_dimensions"":[""7a"",""7b"",""7c""],""_evidence"":""incomplete"",""_missing"":""核心必需子项不完整或覆盖不足80%"",""_status"":""not_triggered""}",跳过,economic_not_applicable,ttm_fcff_nonpositive,,,,,,,,{},,,,,,
688661,和林微纳,SEMICONDUCTOR,无触发（不买）,6️⃣ 高风险早期/困境型,6.2,,False,_condition 2.0分:须确认实际仓位符合建议上限；6d 2.0分:最新同口径利润转负；6b 5.2分:研发与经营数据,0.0,False,False,0.0,当前经济条件不适用估值,0.0,当前经济条件不适用估值,0.0,当前经济条件不适用估值,0.0,当前经济条件不适用估值,"{""_applicable"":""no"",""_decision_missing_dimensions"":[],""_evidence"":""complete"",""_scope"":""当前经济条件不适用估值"",""_score_quality"":""模型不适用，0分不是结论"",""_status"":""not_applicable""}",4.5,False,False,8.07,产业聚合增速21.2%,2.0,最新同口径利润恶化,5.8,量价冷度;60日-22.4%…,1.96,当前PB/行业2.0倍,"{""_applicable"":""yes"",""_condition"":""估值须合理或满足强周期修正"",""_coverage"":""公司3年连续财务数据;同行市净率"",""_decision_missing_dimensions"":[],""_evidence"":""complete"",""_score_quality"":""完整证据评分"",""_status"":""not_triggered""}",3.1,False,True,2.4,盈利能力与同行数据,2.0,最新同口径利润转负,1.5,投入回报率减资金成本=-10.2%,5.0,弱代理2.0分:最新同口径利润转负,5.8,行业与估值数据,"{""_applicable"":""yes"",""_decision_missing_dimensions"":[""3b"",""3d""],""_evidence"":""incomplete"",""_missing"":""缺增长质量/增长持续性证据"",""_score_quality"":""证据不足，分数仅供诊断"",""_status"":""vetoed"",""_veto"":""护城河证据不足""}",0.0,False,False,0.0,当前经济条件不适用估值,0.0,当前经济条件不适用估值,0.0,当前经济条件不适用估值,0.0,当前经济条件不适用估值,0.0,当前经济条件不适用估值,0.0,当前经济条件不适用估值,"{""_applicable"":""no"",""_decision_missing_dimensions"":[],""_evidence"":""complete"",""_scope"":""当前经济条件不适用估值"",""_score_quality"":""模型不适用，0分不是结论"",""_status"":""not_applicable""}",0.0,False,False,0.0,非强周期标的，适用其他框架,0.0,非强周期标的，适用其他框架,0.0,非强周期标的，适用其他框架,0.0,非强周期标的，适用其他框架,0.0,非强周期标的，适用其他框架,"{""_applicable"":""no"",""_decision_missing_dimensions"":[],""_evidence"":""complete"",""_scope"":""非强周期标的，适用其他框架"",""_score_quality"":""模型不适用，0分不是结论"",""_status"":""not_applicable""}",6.2,False,False,8.0,产业高速21.2%,5.2,研发与经营数据,8.0,经营效率与现金流数据,2.0,最新同口径利润转负,10.0,"建议单票≤1%,组合≤8%","{""_applicable"":""yes"",""_condition"":""须确认实际仓位符合建议上限"",""_decision_missing_dimensions"":[],""_evidence"":""complete"",""_profile"":""高景气技术型"",""_risk"":""最坏归零时组合最大损失≤1%"",""_score_quality"":""完整证据评分"",""_status"":""observe""}",4.1,False,False,4.503,长期质量回报45.03,4.088,产业质量估值40.88,3.856,商业安全38.56；边际6.9,"{""_applicable"":""yes"",""_condition"":""补全全部缺失证据后仍至少一套不超过70"",""_decision_missing_dimensions"":[""7a"",""7b"",""7c""],""_evidence"":""incomplete"",""_missing"":""核心必需子项不完整或覆盖不足80%"",""_status"":""not_triggered""}",跳过,economic_not_applicable,ttm_fcff_nonpositive,,,,,,,,{},,,,,,
688678,福立旺,ELEC_COMPONENT,无触发（不买）,2️⃣ 两热一冷,6.9,,False,2b 5.5分:拐点3项:营收加速+最新同口径营收增；2a 7.5分:产业聚合增速16.3%；2c 7.5分:量价冷度;60日-31.6%…,0.0,False,False,0.0,当前经济条件不适用估值,0.0,当前经济条件不适用估值,0.0,当前经济条件不适用估值,0.0,当前经济条件不适用估值,"{""_applicable"":""no"",""_decision_missing_dimensions"":[],""_evidence"":""complete"",""_scope"":""当前经济条件不适用估值"",""_score_quality"":""模型不适用，0分不是结论"",""_status"":""not_applicable""}",6.9,False,False,7.5,产业聚合增速16.3%,5.5,拐点3项:营收加速+最新同口径营收增,7.5,量价冷度;60日-31.6%…,7.54,当前PB/行业0.7倍,"{""_applicable"":""yes"",""_coverage"":""公司3年连续财务数据;同行市净率"",""_decision_missing_dimensions"":[],""_evidence"":""complete"",""_score_quality"":""完整证据评分"",""_status"":""observe""}",3.7,False,False,3.2,盈利能力与同行数据,3.0,经营现金流三年锐减,1.5,投入回报率减资金成本=-11.8%,5.0,弱代理2.0分:经营现金流三年暴跌,7.5,行业与估值数据,"{""_applicable"":""yes"",""_decision_missing_dimensions"":[""3b"",""3d""],""_evidence"":""incomplete"",""_missing"":""缺增长质量/增长持续性证据"",""_score_quality"":""证据不足，分数仅供诊断"",""_status"":""insufficient_evidence""}",0.0,False,False,0.0,当前经济条件不适用估值,0.0,当前经济条件不适用估值,0.0,当前经济条件不适用估值,0.0,当前经济条件不适用估值,0.0,当前经济条件不适用估值,0.0,当前经济条件不适用估值,"{""_applicable"":""no"",""_decision_missing_dimensions"":[],""_evidence"":""complete"",""_scope"":""当前经济条件不适用估值"",""_score_quality"":""模型不适用，0分不是结论"",""_status"":""not_applicable""}",0.0,False,False,0.0,非强周期标的，适用其他框架,0.0,非强周期标的，适用其他框架,0.0,非强周期标的，适用其他框架,0.0,非强周期标的，适用其他框架,0.0,非强周期标的，适用其他框架,"{""_applicable"":""no"",""_decision_missing_dimensions"":[],""_evidence"":""complete"",""_scope"":""非强周期标的，适用其他框架"",""_score_quality"":""模型不适用，0分不是结论"",""_status"":""not_applicable""}",6.4,False,False,6.0,产业增速16.3%,6.3,研发与经营数据,6.1,经营效率与现金流数据,5.0,最新同口径利润改善,10.0,"建议单票≤1%,组合≤8%","{""_applicable"":""yes"",""_condition"":""须确认实际仓位符合建议上限"",""_decision_missing_dimensions"":[],""_evidence"":""complete"",""_profile"":""高景气技术型"",""_risk"":""最坏归零时组合最大损失≤1%"",""_score_quality"":""完整证据评分"",""_status"":""observe""}",4.4,False,False,4.631,长期质量回报46.31,4.405,产业质量估值44.05,4.096,商业安全40.96；边际5.2,"{""_applicable"":""yes"",""_condition"":""补全全部缺失证据后仍至少一套不超过70"",""_decision_missing_dimensions"":[""7a"",""7b"",""7c""],""_evidence"":""incomplete"",""_missing"":""核心必需子项不完整或覆盖不足80%"",""_status"":""not_triggered""}",跳过,economic_not_applicable,ttm_fcff_nonpositive,,,,,,,,{},,,,,,
688697,纽威数控,INDUST_MACHINERY,无触发（不买）,7️⃣ 优质股权型,4.9,,False,_condition 4.2分:补全全部缺失证据后仍至少一套不超过70；7b 4.2分:产业质量估值41.96；7a 5.27分:长期质量回报52.72,0.0,False,False,0.0,当前经济条件不适用估值,0.0,当前经济条件不适用估值,0.0,当前经济条件不适用估值,0.0,当前经济条件不适用估值,"{""_applicable"":""no"",""_decision_missing_dimensions"":[],""_evidence"":""complete"",""_scope"":""当前经济条件不适用估值"",""_score_quality"":""模型不适用，0分不是结论"",""_status"":""not_applicable""}",4.8,False,False,6.01,产业聚合增速8.5%,4.0,最新同口径经营现金流明显下滑,4.9,量价冷度;60日-2.0%…,4.42,当前PB/行业1.4倍,"{""_applicable"":""yes"",""_condition"":""估值须合理或满足强周期修正"",""_coverage"":""公司3年连续财务数据;同行市净率"",""_decision_missing_dimensions"":[],""_evidence"":""complete"",""_score_quality"":""完整证据评分"",""_status"":""not_triggered""}",4.2,False,False,5.6,盈利能力与同行数据,2.0,最新报告期经营现金流为负,3.5,投入回报率减资金成本=0.8%,5.0,弱代理2.0分:最新报告期经营现金流为负,4.9,行业与估值数据,"{""_applicable"":""yes"",""_decision_missing_dimensions"":[""3b"",""3d""],""_evidence"":""incomplete"",""_missing"":""缺增长质量/增长持续性证据"",""_score_quality"":""证据不足，分数仅供诊断"",""_status"":""insufficient_evidence""}",0.0,False,False,0.0,当前经济条件不适用估值,0.0,当前经济条件不适用估值,0.0,当前经济条件不适用估值,0.0,当前经济条件不适用估值,0.0,当前经济条件不适用估值,0.0,当前经济条件不适用估值,"{""_applicable"":""no"",""_decision_missing_dimensions"":[],""_evidence"":""complete"",""_scope"":""当前经济条件不适用估值"",""_score_quality"":""模型不适用，0分不是结论"",""_status"":""not_applicable""}",0.0,False,False,0.0,非强周期标的，适用其他框架,0.0,非强周期标的，适用其他框架,0.0,非强周期标的，适用其他框架,0.0,非强周期标的，适用其他框架,0.0,非强周期标的，适用其他框架,"{""_applicable"":""no"",""_decision_missing_dimensions"":[],""_evidence"":""complete"",""_scope"":""非强周期标的，适用其他框架"",""_score_quality"":""模型不适用，0分不是结论"",""_status"":""not_applicable""}",0.0,False,False,0.0,公司并非亏损或净利率≤5%的微利标的,0.0,公司并非亏损或净利率≤5%的微利标的,0.0,公司并非亏损或净利率≤5%的微利标的,0.0,公司并非亏损或净利率≤5%的微利标的,0.0,公司并非亏损或净利率≤5%的微利标的,"{""_applicable"":""no"",""_decision_missing_dimensions"":[],""_evidence"":""complete"",""_scope"":""公司并非亏损或净利率≤5%的微利标的"",""_score_quality"":""模型不适用，0分不是结论"",""_status"":""not_applicable""}",4.9,False,False,5.272,长期质量回报52.72,4.196,产业质量估值41.96,5.288,商业安全52.88；边际8.2,"{""_applicable"":""yes"",""_condition"":""补全全部缺失证据后仍至少一套不超过70"",""_decision_missing_dimensions"":[""7a"",""7b"",""7c""],""_evidence"":""incomplete"",""_missing"":""核心必需子项不完整或覆盖不足80%"",""_status"":""not_triggered""}",跳过,economic_not_applicable,ttm_fcff_nonpositive,,,,,,,,{},,,,,,
688795,摩尔线程,SEMICONDUCTOR,无触发（不买）,7️⃣ 优质股权型,4.4,,False,_condition 4.03分:补全全部缺失证据后仍至少一套不超过70；7c 4.03分:商业安全40.26；边际6.8；7b 4.21分:产业质量估值42.06,0.0,False,False,0.0,当前经济条件不适用估值,0.0,当前经济条件不适用估值,0.0,当前经济条件不适用估值,0.0,当前经济条件不适用估值,"{""_applicable"":""no"",""_decision_missing_dimensions"":[],""_evidence"":""complete"",""_scope"":""当前经济条件不适用估值"",""_score_quality"":""模型不适用，0分不是结论"",""_status"":""not_applicable""}",4.3,False,False,8.06,产业聚合增速21.2%,2.0,最新同口径现金恶化,6.1,量价冷度;60日-13.0%…,1.0,当前PB/行业4.5倍,"{""_applicable"":""yes"",""_condition"":""估值须合理或满足强周期修正"",""_coverage"":""公司3年连续财务数据;同行市净率"",""_decision_missing_dimensions"":[],""_evidence"":""complete"",""_score_quality"":""完整证据评分"",""_status"":""not_triggered""}",3.4,False,False,3.3,盈利能力与同行数据,2.0,最新报告期经营现金流为负,1.5,投入回报率减资金成本=-21.8%,5.0,弱代理2.0分:最新报告期经营现金流为负,6.1,行业与估值数据,"{""_applicable"":""yes"",""_decision_missing_dimensions"":[""3b"",""3d""],""_evidence"":""incomplete"",""_missing"":""缺增长质量/增长持续性证据"",""_score_quality"":""证据不足，分数仅供诊断"",""_status"":""insufficient_evidence""}",0.0,False,False,0.0,当前经济条件不适用估值,0.0,当前经济条件不适用估值,0.0,当前经济条件不适用估值,0.0,当前经济条件不适用估值,0.0,当前经济条件不适用估值,0.0,当前经济条件不适用估值,"{""_applicable"":""no"",""_decision_missing_dimensions"":[],""_evidence"":""complete"",""_scope"":""当前经济条件不适用估值"",""_score_quality"":""模型不适用，0分不是结论"",""_status"":""not_applicable""}",0.0,False,False,0.0,非强周期标的，适用其他框架,0.0,非强周期标的，适用其他框架,0.0,非强周期标的，适用其他框架,0.0,非强周期标的，适用其他框架,0.0,非强周期标的，适用其他框架,"{""_applicable"":""no"",""_decision_missing_dimensions"":[],""_evidence"":""complete"",""_scope"":""非强周期标的，适用其他框架"",""_score_quality"":""模型不适用，0分不是结论"",""_status"":""not_applicable""}",0.0,False,False,0.0,高景气技术型市值超过300亿元,0.0,高景气技术型市值超过300亿元,0.0,高景气技术型市值超过300亿元,0.0,高景气技术型市值超过300亿元,0.0,高景气技术型市值超过300亿元,"{""_applicable"":""no"",""_decision_missing_dimensions"":[],""_evidence"":""complete"",""_scope"":""高景气技术型市值超过300亿元"",""_score_quality"":""模型不适用，0分不是结论"",""_status"":""not_applicable""}",4.4,False,False,5.095,长期质量回报50.95,4.206,产业质量估值42.06,4.026,商业安全40.26；边际6.8,"{""_applicable"":""yes"",""_condition"":""补全全部缺失证据后仍至少一套不超过70"",""_decision_missing_dimensions"":[""7a"",""7b"",""7c""],""_evidence"":""incomplete"",""_missing"":""核心必需子项不完整或覆盖不足80%"",""_status"":""not_triggered""}",跳过,economic_not_applicable,ttm_fcff_nonpositive,,,,,,,,{},,,,,,
688809,强一股份,SEMICONDUCTOR,无触发（不买）,2️⃣ 两热一冷,6.1,,False,2c 3.6分:量价冷度;60日2.1%…；2b 4.0分:最新同口径经营现金流明显下滑；2a 8.07分:产业聚合增速21.2%,0.0,False,False,0.0,当前经济条件不适用估值,0.0,当前经济条件不适用估值,0.0,当前经济条件不适用估值,0.0,当前经济条件不适用估值,"{""_applicable"":""no"",""_decision_missing_dimensions"":[],""_evidence"":""complete"",""_scope"":""当前经济条件不适用估值"",""_score_quality"":""模型不适用，0分不是结论"",""_status"":""not_applicable""}",6.1,False,False,8.07,产业聚合增速21.2%,4.0,最新同口径经营现金流明显下滑,3.6,量价冷度;60日2.1%…,10.0,归母利润趋势PEG0.3,"{""_applicable"":""yes"",""_coverage"":""公司3年连续财务数据;盈利趋势PEG"",""_decision_missing_dimensions"":[],""_evidence"":""complete"",""_score_quality"":""完整证据评分"",""_status"":""observe""}",4.6,False,False,5.0,盈利能力与同行数据,3.0,最新同口径经营现金流降幅≥20%,5.5,投入回报率减资金成本=2.4%,5.0,弱代理4.0分:最新同口径经营现金流降…,3.6,行业与估值数据,"{""_applicable"":""yes"",""_decision_missing_dimensions"":[""3b"",""3d""],""_evidence"":""incomplete"",""_missing"":""缺增长质量/增长持续性证据"",""_score_quality"":""证据不足，分数仅供诊断"",""_status"":""insufficient_evidence""}",0.0,False,False,0.0,当前经济条件不适用估值,0.0,当前经济条件不适用估值,0.0,当前经济条件不适用估值,0.0,当前经济条件不适用估值,0.0,当前经济条件不适用估值,0.0,当前经济条件不适用估值,"{""_applicable"":""no"",""_decision_missing_dimensions"":[],""_evidence"":""complete"",""_scope"":""当前经济条件不适用估值"",""_score_quality"":""模型不适用，0分不是结论"",""_status"":""not_applicable""}",0.0,False,False,0.0,非强周期标的，适用其他框架,0.0,非强周期标的，适用其他框架,0.0,非强周期标的，适用其他框架,0.0,非强周期标的，适用其他框架,0.0,非强周期标的，适用其他框架,"{""_applicable"":""no"",""_decision_missing_dimensions"":[],""_evidence"":""complete"",""_scope"":""非强周期标的，适用其他框架"",""_score_quality"":""模型不适用，0分不是结论"",""_status"":""not_applicable""}",0.0,False,False,0.0,高景气技术型市值超过300亿元,0.0,高景气技术型市值超过300亿元,0.0,高景气技术型市值超过300亿元,0.0,高景气技术型市值超过300亿元,0.0,高景气技术型市值超过300亿元,"{""_applicable"":""no"",""_decision_missing_dimensions"":[],""_evidence"":""complete"",""_scope"":""高景气技术型市值超过300亿元"",""_score_quality"":""模型不适用，0分不是结论"",""_status"":""not_applicable""}",4.9,False,False,5.275,长期质量回报52.75,4.691,产业质量估值46.91,4.823,商业安全48.23；边际8.5,"{""_applicable"":""yes"",""_condition"":""补全全部缺失证据后仍至少一套不超过70"",""_decision_missing_dimensions"":[""7a"",""7b"",""7c""],""_evidence"":""incomplete"",""_missing"":""核心必需子项不完整或覆盖不足80%"",""_status"":""not_triggered""}",跳过,economic_not_applicable,ttm_fcff_nonpositive,,,,,,,,{},,,,,,
